{
    "cameraIndexes": [
        "/dev/video1",
        "/dev/video0"
    ],
    "serial": "CSI_HD",
    "fishEye": false,
    "squareSize": 36.2,
    "resolution": "HD",
    "isCsiCam": true,
    "boardShape": [
        6,
        9
    ],
    "leftCamera": {
        "vFlip": false,
        "hFlip": false
    },
    "rightCamera": {
        "vFlip": false,
        "hFlip": false
    },
    "HD": {
        "rms": 1.6450420737657958,
        "resolution": "HD",
        "imageSize": [
            1280,
            720
        ],
        "baseline": -58.96819882891001,
        "cameraMatrixLeft": [
            [
                1149.9568180961533,
                0.0,
                673.0158618013571
            ],
            [
                0.0,
                1147.612907844559,
                374.8834361337779
            ],
            [
                0.0,
                0.0,
                1.0
            ]
        ],
        "cameraMatrixRight": [
            [
                1165.4843084494398,
                0.0,
                668.9495695141758
            ],
            [
                0.0,
                1165.431630019176,
                367.4366192626245
            ],
            [
                0.0,
                0.0,
                1.0
            ]
        ],
        "distCoefLeft": [
            [
                -0.07022775485132349,
                0.3282240440699603,
                -0.0027366319728412453,
                -0.0007538997791145843,
                -0.5110821453696377
            ]
        ],
        "distCoefRight": [
            [
                -0.13777079455221766,
                0.8245140348468104,
                -0.003454910466427752,
                0.001490264853805851,
                -1.4798137275036995
            ]
        ],
        "R": [
            [
                0.9999633441468584,
                -0.005061746188448808,
                -0.006905728647676726
            ],
            [
                0.005038860690010403,
                0.9999817690761006,
                -0.0033273710912505713
            ],
            [
                0.006922445057801973,
                0.0032924521190058472,
                0.9999706193251209
            ]
        ],
        "T": [
            [
                -0.05896819882891001
            ],
            [
                -0.00042668312590039495
            ],
            [
                0.007934567609463473
            ]
        ]
    }
}