{
    "cameraIndexes": [
        "/dev/video0",
        "/dev/video1"
    ],
    "serial": "SN1000",
    "fishEye": false,
    "squareSize": 3.65,
    "resolution": "NANO",
    "isCsiCam": true,
    "boardShape": [
        9,
        6
    ],
    "leftCamera": {
        "vFlip": true,
        "hFlip": false
    },
    "rightCamera": {
        "vFlip": true,
        "hFlip": false
    },
    "NANO": {
        "rms": 12.938834666033447,
        "resolution": "NANO",
        "imageSize": [
            800,
            480
        ],
        "baseline": 6.30314798954158,
        "cameraMatrixLeft": [
            [
                669.6141748123058,
                0.0,
                408.84949410200085
            ],
            [
                0.0,
                715.0279797334466,
                232.6988196014797
            ],
            [
                0.0,
                0.0,
                1.0
            ]
        ],
        "cameraMatrixRight": [
            [
                723.8342675063379,
                0.0,
                412.63364635229107
            ],
            [
                0.0,
                772.2740321969562,
                222.05079623709102
            ],
            [
                0.0,
                0.0,
                1.0
            ]
        ],
        "distCoefLeft": [
            [
                -0.04553596302977465,
                0.3936465505404165,
                -0.0005832267183185934,
                0.004832943513515406,
                -0.8345861632323976
            ]
        ],
        "distCoefRight": [
            [
                -0.13622708083701185,
                0.8902142813144603,
                0.0008055789173593084,
                0.0020325209867208087,
                -1.7980222555827063
            ]
        ],
        "R": [
            [
                0.9962731238640322,
                0.085988623145902,
                0.006768999606632122
            ],
            [
                -0.05449199046387118,
                0.6882942908110604,
                -0.7233820513478231
            ],
            [
                -0.0668616903876047,
                0.720317239781453,
                0.6904147944765818
            ]
        ],
        "T": [
            [
                0.00630314798954158
            ],
            [
                0.036999837373778974
            ],
            [
                0.019153598445971726
            ]
        ]
    }
}