{
    "cameraIndexes": [
        "/dev/video0",
        "/dev/video1"
    ],
    "serial": "SN1000",
    "fishEye": false,
    "squareSize": 36.2,
    "resolution": "NANO",
    "isCsiCam": true,
    "boardShape": [
        9,
        6
    ],
    "leftCamera": {
        "vFlip": true,
        "hFlip": true
    },
    "rightCamera": {
        "vFlip": true,
        "hFlip": true
    },
    "NANO": {
        "rms": 0.2030882375863806,
        "resolution": "NANO",
        "imageSize": [
            800,
            480
        ],
        "baseline": -59.82385792500538,
        "cameraMatrixLeft": [
            [
                723.9311196531538,
                0.0,
                391.27797019220696
            ],
            [
                0.0,
                770.8888221620629,
                236.80868128688687
            ],
            [
                0.0,
                0.0,
                1.0
            ]
        ],
        "cameraMatrixRight": [
            [
                725.211689737895,
                0.0,
                374.6559808806524
            ],
            [
                0.0,
                772.2646137947833,
                247.0227346431214
            ],
            [
                0.0,
                0.0,
                1.0
            ]
        ],
        "distCoefLeft": [
            [
                -0.11447487405901383,
                0.9108977643040614,
                -0.004255997360251408,
                0.0005702113716722823,
                -2.3305077097367004
            ]
        ],
        "distCoefRight": [
            [
                -0.10378418717618448,
                0.8363554217191613,
                0.0026742177042757215,
                -0.001976196807697019,
                -1.995877492949109
            ]
        ],
        "R": [
            [
                0.9999591707399907,
                0.005624849126055788,
                0.00707233520833441
            ],
            [
                -0.005593124771539858,
                0.9999742443810214,
                -0.004497502628707046
            ],
            [
                -0.007097450829694018,
                0.0044577625457564475,
                0.9999648766555782
            ]
        ],
        "T": [
            [
                -0.05982385792500538
            ],
            [
                0.0002677854183186388
            ],
            [
                0.0013409444369641024
            ]
        ]
    }
}