{
    "cameraIndexes": [
        "/dev/video0",
        "/dev/video1"
    ],
    "serial": "SN2042565",
    "fishEye": false,
    "squareSize": 36.2,
    "resolution": "NANO",
    "isCsiCam": true,
    "boardShape": [
        9,
        6
    ],
    "leftCamera": {
        "vFlip": true,
        "hFlip": true
    },
    "rightCamera": {
        "vFlip": true,
        "hFlip": true
    },
    "NANO": {
        "rms": 0.16486698080446954,
        "resolution": "NANO",
        "imageSize": [
            800,
            480
        ],
        "baseline": -59.76794706546319,
        "cameraMatrixLeft": [
            [
                721.9795141434515,
                0.0,
                387.7814608524781
            ],
            [
                0.0,
                769.6525905906841,
                238.59958172386965
            ],
            [
                0.0,
                0.0,
                1.0
            ]
        ],
        "cameraMatrixRight": [
            [
                721.847321170812,
                0.0,
                378.2911424261026
            ],
            [
                0.0,
                769.2917113360193,
                246.91832236112424
            ],
            [
                0.0,
                0.0,
                1.0
            ]
        ],
        "distCoefLeft": [
            [
                -0.0806502335919046,
                0.5310139519725394,
                -0.0027232998519586306,
                -0.0010239220023786678,
                -1.0475116453234539
            ]
        ],
        "distCoefRight": [
            [
                -0.09979688220755509,
                0.7614570130159967,
                0.0019036936968762927,
                -0.0009885012453273907,
                -1.713399248643097
            ]
        ],
        "R": [
            [
                0.9999753675154279,
                0.005751072328399279,
                -0.004023621435751343
            ],
            [
                -0.005756715703136913,
                0.999982460585906,
                -0.0013923881894455574
            ],
            [
                0.004015543138602109,
                0.0014155167361676443,
                0.9999909358217561
            ]
        ],
        "T": [
            [
                -0.05976794706546319
            ],
            [
                0.0003622420665634571
            ],
            [
                -0.0004327836284491478
            ]
        ]
    }
}