{
    "cameraIndexes": [
        0
    ],
    "serial": "SN20716499",
    "fishEye": true,
    "squareSize": 14.5,
    "resolution": "VGA",
    "isCsiCam": false,
    "boardShape": [
        15,
        100
    ],
    "leftCamera": {
        "vFlip": false,
        "hFlip": false
    },
    "rightCamera": {
        "vFlip": false,
        "hFlip": false
    },
    "FHD": {
        "rms": 0.11932424268800529,
        "resolution": "FHD",
        "imageSize": [
            1920,
            1080
        ],
        "baseline": -120.111088290576,
        "cameraMatrixLeft": [
            [
                1063.9637866222172,
                0.0,
                1016.0847615095719
            ],
            [
                0.0,
                1063.3813919204172,
                504.10955668224005
            ],
            [
                0.0,
                0.0,
                1.0
            ]
        ],
        "cameraMatrixRight": [
            [
                1066.2119832613314,
                0.0,
                971.9999823946622
            ],
            [
                0.0,
                1065.6258808881519,
                561.6738148476192
            ],
            [
                0.0,
                0.0,
                1.0
            ]
        ],
        "distCoefLeft": [
            [
                -0.10598935565336069,
                0.14211735028452774,
                0.0011471361958161786,
                -0.0008289845531016417,
                -0.0816328240111831
            ]
        ],
        "distCoefRight": [
            [
                -0.11194204181254117,
                0.15174837635421823,
                0.0006246493680408664,
                -0.0003096862103118897,
                -0.08806974217995303
            ]
        ],
        "R": [
            [
                0.9999797171865906,
                0.0007852065438997699,
                -0.0063204957170835685
            ],
            [
                -0.000790751827674047,
                0.999999304631993,
                -0.0008748983240475643
            ],
            [
                0.006319804346123772,
                0.0008798785221881834,
                0.9999796427361974
            ]
        ],
        "T": [
            [
                -0.12011108829057601
            ],
            [
                0.0001223041314849408
            ],
            [
                -0.00010322531418013266
            ]
        ]
    },
    "HD": {
        "rms": 0,
        "resolution": "HD",
        "imageSize": [
            1280,
            720
        ],
        "baseline": [
            -0.12011108829057601
        ],
        "cameraMatrixLeft": [
            [
                527.585,
                0.0,
                668.165
            ],
            [
                0.0,
                527.23,
                341.234
            ],
            [
                0.0,
                0.0,
                1.0
            ]
        ],
        "cameraMatrixRight": [
            [
                528.46,
                0.0,
                646.43
            ],
            [
                0.0,
                528.14,
                369.175
            ],
            [
                0.0,
                0.0,
                1.0
            ]
        ],
        "distCoefLeft": [
            [
                -0.0394129,
                0.0081633,
                0.000719273,
                -0.000294926,
                -0.00442043
            ]
        ],
        "distCoefRight": [
            [
                -0.0438412,
                0.0116817,
                0.000294079,
                0.000116718,
                -0.00518499
            ]
        ],
        "R": [
            [
                1.0,
                0.0,
                0.0
            ],
            [
                0.0,
                1.0,
                0.0
            ],
            [
                0.0,
                0.0,
                1.0
            ]
        ],
        "T": [
            [
                -0.12011108829057601
            ],
            [
                1.223041314849408e-07
            ],
            [
                -1.0322531418013266e-07
            ]
        ]
    },
    "2K": {
        "rms": 0,
        "resolution": "2K",
        "imageSize": [
            2208,
            1242
        ],
        "baseline": [
            -0.12011108829057601
        ],
        "cameraMatrixLeft": [
            [
                1055.17,
                0.0,
                1163.33
            ],
            [
                0.0,
                1054.46,
                586.468
            ],
            [
                0.0,
                0.0,
                1.0
            ]
        ],
        "cameraMatrixRight": [
            [
                1056.92,
                0.0,
                1119.86
            ],
            [
                0.0,
                1056.28,
                642.35
            ],
            [
                0.0,
                0.0,
                1.0
            ]
        ],
        "distCoefLeft": [
            [
                -0.0394129,
                0.0081633,
                0.000719273,
                -0.000294926,
                -0.00442043
            ]
        ],
        "distCoefRight": [
            [
                -0.0438412,
                0.0116817,
                0.000294079,
                0.000116718,
                -0.00518499
            ]
        ],
        "R": [
            [
                1.0,
                0.0,
                0.0
            ],
            [
                0.0,
                1.0,
                0.0
            ],
            [
                0.0,
                0.0,
                1.0
            ]
        ],
        "T": [
            [
                -0.12011108829057601
            ],
            [
                1.223041314849408e-07
            ],
            [
                -1.0322531418013266e-07
            ]
        ]
    },
    "VGA": {
        "rms": 0,
        "resolution": "VGA",
        "imageSize": [
            672,
            376
        ],
        "baseline": [
            -0.12011108829057601
        ],
        "cameraMatrixLeft": [
            [
                263.7925,
                0.0,
                349.5825
            ],
            [
                0.0,
                263.615,
                178.117
            ],
            [
                0.0,
                0.0,
                1.0
            ]
        ],
        "cameraMatrixRight": [
            [
                264.23,
                0.0,
                338.715
            ],
            [
                0.0,
                264.07,
                192.0875
            ],
            [
                0.0,
                0.0,
                1.0
            ]
        ],
        "distCoefLeft": [
            [
                -0.0394129,
                0.0081633,
                0.000719273,
                -0.000294926,
                -0.00442043
            ]
        ],
        "distCoefRight": [
            [
                -0.0438412,
                0.0116817,
                0.000294079,
                0.000116718,
                -0.00518499
            ]
        ],
        "R": [
            [
                1.0,
                0.0,
                0.0
            ],
            [
                0.0,
                1.0,
                0.0
            ],
            [
                0.0,
                0.0,
                1.0
            ]
        ],
        "T": [
            [
                -0.12011108829057601
            ],
            [
                1.223041314849408e-07
            ],
            [
                -1.0322531418013266e-07
            ]
        ]
    }
}