{
    "2K": {
        "rms": 0,
        "resolution": "2K",
        "imageSize": [
            2208,
            1242
        ],
        "baseline": [
            0.119412
        ],
        "cameraMatrixLeft": [
            [
                1059.67,
                0.0,
                1085.59
            ],
            [
                0.0,
                1058.49,
                658.363
            ],
            [
                0.0,
                0.0,
                1.0
            ]
        ],
        "cameraMatrixRight": [
            [
                1061.33,
                0.0,
                1123.45
            ],
            [
                0.0,
                1060.08,
                658.43
            ],
            [
                0.0,
                0.0,
                1.0
            ]
        ],
        "distCoefLeft": [
            [
                -0.0396283,
                0.00798622,
                0.000191981,
                0.00010934,
                -0.0042409
            ]
        ],
        "distCoefRight": [
            [
                -0.0440794,
                0.0130896,
                -0.000405373,
                5.5331e-05,
                -0.00581785
            ]
        ],
        "R": [
            [
                0.9999981683344452,
                -9.915807098749876e-06,
                0.0019139564862515317
            ],
            [
                8.996260626818318e-06,
                0.9999998845430714,
                0.0004804507374188688
            ],
            [
                -0.0019139610293288272,
                -0.0004804326389424233,
                0.9999980529669333
            ]
        ],
        "T": [
            [
                0.119412
            ],
            [
                -1.4623300000000001e-05
            ],
            [
                -2.47589e-05
            ]
        ]
    },
    "FHD": {
        "rms": 0,
        "resolution": "FHD",
        "imageSize": [
            1920,
            1080
        ],
        "baseline": [
            0.119412
        ],
        "cameraMatrixLeft": [
            [
                1059.67,
                0.0,
                941.59
            ],
            [
                0.0,
                1058.49,
                577.363
            ],
            [
                0.0,
                0.0,
                1.0
            ]
        ],
        "cameraMatrixRight": [
            [
                1061.33,
                0.0,
                979.45
            ],
            [
                0.0,
                1060.08,
                577.43
            ],
            [
                0.0,
                0.0,
                1.0
            ]
        ],
        "distCoefLeft": [
            [
                -0.0396283,
                0.00798622,
                0.000191981,
                0.00010934,
                -0.0042409
            ]
        ],
        "distCoefRight": [
            [
                -0.0440794,
                0.0130896,
                -0.000405373,
                5.5331e-05,
                -0.00581785
            ]
        ],
        "R": [
            [
                0.9999981683344452,
                -9.915807098749876e-06,
                0.0019139564862515317
            ],
            [
                8.996260626818318e-06,
                0.9999998845430714,
                0.0004804507374188688
            ],
            [
                -0.0019139610293288272,
                -0.0004804326389424233,
                0.9999980529669333
            ]
        ],
        "T": [
            [
                0.119412
            ],
            [
                -1.4623300000000001e-05
            ],
            [
                -2.47589e-05
            ]
        ]
    },
    "HD": {
        "rms": 0,
        "resolution": "HD",
        "imageSize": [
            1280,
            720
        ],
        "baseline": [
            0.119412
        ],
        "cameraMatrixLeft": [
            [
                529.835,
                0.0,
                629.295
            ],
            [
                0.0,
                529.245,
                377.1815
            ],
            [
                0.0,
                0.0,
                1.0
            ]
        ],
        "cameraMatrixRight": [
            [
                530.665,
                0.0,
                648.225
            ],
            [
                0.0,
                530.04,
                377.215
            ],
            [
                0.0,
                0.0,
                1.0
            ]
        ],
        "distCoefLeft": [
            [
                -0.0396283,
                0.00798622,
                0.000191981,
                0.00010934,
                -0.0042409
            ]
        ],
        "distCoefRight": [
            [
                -0.0440794,
                0.0130896,
                -0.000405373,
                5.5331e-05,
                -0.00581785
            ]
        ],
        "R": [
            [
                0.9999981683344452,
                -9.915807098749876e-06,
                0.0019139564862515317
            ],
            [
                8.996260626818318e-06,
                0.9999998845430714,
                0.0004804507374188688
            ],
            [
                -0.0019139610293288272,
                -0.0004804326389424233,
                0.9999980529669333
            ]
        ],
        "T": [
            [
                0.119412
            ],
            [
                -1.4623300000000001e-05
            ],
            [
                -2.47589e-05
            ]
        ]
    },
    "VGA": {
        "rms": 0,
        "resolution": "VGA",
        "imageSize": [
            672,
            376
        ],
        "baseline": [
            0.119412
        ],
        "cameraMatrixLeft": [
            [
                264.9175,
                0.0,
                330.1475
            ],
            [
                0.0,
                264.6225,
                196.09075
            ],
            [
                0.0,
                0.0,
                1.0
            ]
        ],
        "cameraMatrixRight": [
            [
                265.3325,
                0.0,
                339.6125
            ],
            [
                0.0,
                265.02,
                196.1075
            ],
            [
                0.0,
                0.0,
                1.0
            ]
        ],
        "distCoefLeft": [
            [
                -0.0396283,
                0.00798622,
                0.000191981,
                0.00010934,
                -0.0042409
            ]
        ],
        "distCoefRight": [
            [
                -0.0440794,
                0.0130896,
                -0.000405373,
                5.5331e-05,
                -0.00581785
            ]
        ],
        "R": [
            [
                0.9999981683344452,
                -9.915807098749876e-06,
                0.0019139564862515317
            ],
            [
                8.996260626818318e-06,
                0.9999998845430714,
                0.0004804507374188688
            ],
            [
                -0.0019139610293288272,
                -0.0004804326389424233,
                0.9999980529669333
            ]
        ],
        "T": [
            [
                0.119412
            ],
            [
                -1.4623300000000001e-05
            ],
            [
                -2.47589e-05
            ]
        ]
    }
}