{
    "2K": {
        "rms": 0,
        "resolution": "2K",
        "imageSize": [
            2208,
            1242
        ],
        "baseline": [
            0.119602
        ],
        "cameraMatrixLeft": [
            [
                1055.23,
                0.0,
                1094.71
            ],
            [
                0.0,
                1054.93,
                620.363
            ],
            [
                0.0,
                0.0,
                1.0
            ]
        ],
        "cameraMatrixRight": [
            [
                1054.46,
                0.0,
                1078.68
            ],
            [
                0.0,
                1054.35,
                652.761
            ],
            [
                0.0,
                0.0,
                1.0
            ]
        ],
        "distCoefLeft": [
            [
                -0.0408092,
                0.00908247,
                -8.82356e-05,
                6.55547e-05,
                -0.00461134
            ]
        ],
        "distCoefRight": [
            [
                -0.0418698,
                0.00984542,
                -0.00014459,
                0.00044813,
                -0.00472152
            ]
        ],
        "R": [
            [
                0.9999675340625652,
                0.0008726132981584513,
                0.008010578435067403
            ],
            [
                -0.000849097597190911,
                0.9999953220775307,
                -0.002938512604358029
            ],
            [
                -0.008013105147377918,
                0.002931615439890337,
                0.9999635972258238
            ]
        ],
        "T": [
            [
                0.119602
            ],
            [
                -4.29778e-06
            ],
            [
                0.000179369
            ]
        ]
    },
    "FHD": {
        "rms": 0,
        "resolution": "FHD",
        "imageSize": [
            1920,
            1080
        ],
        "baseline": [
            0.119602
        ],
        "cameraMatrixLeft": [
            [
                1055.23,
                0.0,
                950.71
            ],
            [
                0.0,
                1054.93,
                539.363
            ],
            [
                0.0,
                0.0,
                1.0
            ]
        ],
        "cameraMatrixRight": [
            [
                1054.46,
                0.0,
                934.68
            ],
            [
                0.0,
                1054.35,
                571.761
            ],
            [
                0.0,
                0.0,
                1.0
            ]
        ],
        "distCoefLeft": [
            [
                -0.0408092,
                0.00908247,
                -8.82356e-05,
                6.55547e-05,
                -0.00461134
            ]
        ],
        "distCoefRight": [
            [
                -0.0418698,
                0.00984542,
                -0.00014459,
                0.00044813,
                -0.00472152
            ]
        ],
        "R": [
            [
                0.9999675340625652,
                0.0008726132981584513,
                0.008010578435067403
            ],
            [
                -0.000849097597190911,
                0.9999953220775307,
                -0.002938512604358029
            ],
            [
                -0.008013105147377918,
                0.002931615439890337,
                0.9999635972258238
            ]
        ],
        "T": [
            [
                0.119602
            ],
            [
                -4.29778e-06
            ],
            [
                0.000179369
            ]
        ]
    },
    "HD": {
        "rms": 0,
        "resolution": "HD",
        "imageSize": [
            1280,
            720
        ],
        "baseline": [
            0.119602
        ],
        "cameraMatrixLeft": [
            [
                527.615,
                0.0,
                633.855
            ],
            [
                0.0,
                527.465,
                358.1815
            ],
            [
                0.0,
                0.0,
                1.0
            ]
        ],
        "cameraMatrixRight": [
            [
                527.23,
                0.0,
                625.84
            ],
            [
                0.0,
                527.175,
                374.3805
            ],
            [
                0.0,
                0.0,
                1.0
            ]
        ],
        "distCoefLeft": [
            [
                -0.0408092,
                0.00908247,
                -8.82356e-05,
                6.55547e-05,
                -0.00461134
            ]
        ],
        "distCoefRight": [
            [
                -0.0418698,
                0.00984542,
                -0.00014459,
                0.00044813,
                -0.00472152
            ]
        ],
        "R": [
            [
                0.9999675340625652,
                0.0008726132981584513,
                0.008010578435067403
            ],
            [
                -0.000849097597190911,
                0.9999953220775307,
                -0.002938512604358029
            ],
            [
                -0.008013105147377918,
                0.002931615439890337,
                0.9999635972258238
            ]
        ],
        "T": [
            [
                0.119602
            ],
            [
                -4.29778e-06
            ],
            [
                0.000179369
            ]
        ]
    },
    "VGA": {
        "rms": 0,
        "resolution": "VGA",
        "imageSize": [
            672,
            376
        ],
        "baseline": [
            0.119602
        ],
        "cameraMatrixLeft": [
            [
                263.8075,
                0.0,
                332.4275
            ],
            [
                0.0,
                263.7325,
                186.59075
            ],
            [
                0.0,
                0.0,
                1.0
            ]
        ],
        "cameraMatrixRight": [
            [
                263.615,
                0.0,
                328.42
            ],
            [
                0.0,
                263.5875,
                194.69025
            ],
            [
                0.0,
                0.0,
                1.0
            ]
        ],
        "distCoefLeft": [
            [
                -0.0408092,
                0.00908247,
                -8.82356e-05,
                6.55547e-05,
                -0.00461134
            ]
        ],
        "distCoefRight": [
            [
                -0.0418698,
                0.00984542,
                -0.00014459,
                0.00044813,
                -0.00472152
            ]
        ],
        "R": [
            [
                0.9999675340625652,
                0.0008726132981584513,
                0.008010578435067403
            ],
            [
                -0.000849097597190911,
                0.9999953220775307,
                -0.002938512604358029
            ],
            [
                -0.008013105147377918,
                0.002931615439890337,
                0.9999635972258238
            ]
        ],
        "T": [
            [
                0.119602
            ],
            [
                -4.29778e-06
            ],
            [
                0.000179369
            ]
        ]
    }
}