{
    "2K": {
        "rms": 0,
        "resolution": "2K",
        "imageSize": [
            2208,
            1242
        ],
        "baseline": [
            0.120027
        ],
        "cameraMatrixLeft": [
            [
                1058.97,
                0.0,
                1095.96
            ],
            [
                0.0,
                1058.37,
                607.255
            ],
            [
                0.0,
                0.0,
                1.0
            ]
        ],
        "cameraMatrixRight": [
            [
                1056.15,
                0.0,
                1093.61
            ],
            [
                0.0,
                1055.21,
                611.39
            ],
            [
                0.0,
                0.0,
                1.0
            ]
        ],
        "distCoefLeft": [
            [
                -0.0439197,
                0.012693,
                -0.000572231,
                0.00046909,
                -0.00572268
            ]
        ],
        "distCoefRight": [
            [
                -0.0438863,
                0.012365,
                -0.000376557,
                0.000393224,
                -0.0055323
            ]
        ],
        "R": [
            [
                0.9999948516348285,
                0.000289093260287311,
                -0.0031957986363645783
            ],
            [
                -0.00029050972606334697,
                0.9999998597784472,
                -0.00044277215932310524
            ],
            [
                0.003195670185797628,
                0.00044369829035674604,
                0.9999947953984014
            ]
        ],
        "T": [
            [
                0.120027
            ],
            [
                6.36104e-05
            ],
            [
                -6.76121e-05
            ]
        ]
    },
    "FHD": {
        "rms": 0,
        "resolution": "FHD",
        "imageSize": [
            1920,
            1080
        ],
        "baseline": [
            0.120027
        ],
        "cameraMatrixLeft": [
            [
                1058.97,
                0.0,
                951.96
            ],
            [
                0.0,
                1058.37,
                526.255
            ],
            [
                0.0,
                0.0,
                1.0
            ]
        ],
        "cameraMatrixRight": [
            [
                1056.15,
                0.0,
                949.61
            ],
            [
                0.0,
                1055.21,
                530.39
            ],
            [
                0.0,
                0.0,
                1.0
            ]
        ],
        "distCoefLeft": [
            [
                -0.0439197,
                0.012693,
                -0.000572231,
                0.00046909,
                -0.00572268
            ]
        ],
        "distCoefRight": [
            [
                -0.0438863,
                0.012365,
                -0.000376557,
                0.000393224,
                -0.0055323
            ]
        ],
        "R": [
            [
                0.9999948516348285,
                0.000289093260287311,
                -0.0031957986363645783
            ],
            [
                -0.00029050972606334697,
                0.9999998597784472,
                -0.00044277215932310524
            ],
            [
                0.003195670185797628,
                0.00044369829035674604,
                0.9999947953984014
            ]
        ],
        "T": [
            [
                0.120027
            ],
            [
                6.36104e-05
            ],
            [
                -6.76121e-05
            ]
        ]
    },
    "HD": {
        "rms": 0,
        "resolution": "HD",
        "imageSize": [
            1280,
            720
        ],
        "baseline": [
            0.120027
        ],
        "cameraMatrixLeft": [
            [
                529.485,
                0.0,
                634.48
            ],
            [
                0.0,
                529.185,
                351.6275
            ],
            [
                0.0,
                0.0,
                1.0
            ]
        ],
        "cameraMatrixRight": [
            [
                528.075,
                0.0,
                633.305
            ],
            [
                0.0,
                527.605,
                353.695
            ],
            [
                0.0,
                0.0,
                1.0
            ]
        ],
        "distCoefLeft": [
            [
                -0.0439197,
                0.012693,
                -0.000572231,
                0.00046909,
                -0.00572268
            ]
        ],
        "distCoefRight": [
            [
                -0.0438863,
                0.012365,
                -0.000376557,
                0.000393224,
                -0.0055323
            ]
        ],
        "R": [
            [
                0.9999948516348285,
                0.000289093260287311,
                -0.0031957986363645783
            ],
            [
                -0.00029050972606334697,
                0.9999998597784472,
                -0.00044277215932310524
            ],
            [
                0.003195670185797628,
                0.00044369829035674604,
                0.9999947953984014
            ]
        ],
        "T": [
            [
                0.120027
            ],
            [
                6.36104e-05
            ],
            [
                -6.76121e-05
            ]
        ]
    },
    "VGA": {
        "rms": 0,
        "resolution": "VGA",
        "imageSize": [
            672,
            376
        ],
        "baseline": [
            0.120027
        ],
        "cameraMatrixLeft": [
            [
                264.7425,
                0.0,
                332.74
            ],
            [
                0.0,
                264.5925,
                183.31375
            ],
            [
                0.0,
                0.0,
                1.0
            ]
        ],
        "cameraMatrixRight": [
            [
                264.0375,
                0.0,
                332.1525
            ],
            [
                0.0,
                263.8025,
                184.3475
            ],
            [
                0.0,
                0.0,
                1.0
            ]
        ],
        "distCoefLeft": [
            [
                -0.0439197,
                0.012693,
                -0.000572231,
                0.00046909,
                -0.00572268
            ]
        ],
        "distCoefRight": [
            [
                -0.0438863,
                0.012365,
                -0.000376557,
                0.000393224,
                -0.0055323
            ]
        ],
        "R": [
            [
                0.9999948516348285,
                0.000289093260287311,
                -0.0031957986363645783
            ],
            [
                -0.00029050972606334697,
                0.9999998597784472,
                -0.00044277215932310524
            ],
            [
                0.003195670185797628,
                0.00044369829035674604,
                0.9999947953984014
            ]
        ],
        "T": [
            [
                0.120027
            ],
            [
                6.36104e-05
            ],
            [
                -6.76121e-05
            ]
        ]
    }
}