{
    "2K": {
        "rms": 0,
        "resolution": "2K",
        "imageSize": [
            2208,
            1242
        ],
        "baseline": [
            0.11981499999999999
        ],
        "cameraMatrixLeft": [
            [
                1055.5,
                0.0,
                1045.96
            ],
            [
                0.0,
                1054.9,
                658.498
            ],
            [
                0.0,
                0.0,
                1.0
            ]
        ],
        "cameraMatrixRight": [
            [
                1058.31,
                0.0,
                1128.1
            ],
            [
                0.0,
                1057.78,
                624.917
            ],
            [
                0.0,
                0.0,
                1.0
            ]
        ],
        "distCoefLeft": [
            [
                -0.0338184,
                0.00198006,
                -0.000596112,
                5.35236e-06,
                -0.00231047
            ]
        ],
        "distCoefRight": [
            [
                -0.0438065,
                0.0121272,
                -8.26351e-05,
                0.000257977,
                -0.00544379
            ]
        ],
        "R": [
            [
                0.9999779116701528,
                0.0005468741769187953,
                -0.006623979199435546
            ],
            [
                -0.0005562453329649518,
                0.9999988470493457,
                -0.0014129724373968186
            ],
            [
                0.006623198844175682,
                0.0014166257847109047,
                0.9999770629411739
            ]
        ],
        "T": [
            [
                0.11981499999999999
            ],
            [
                -6.40154e-05
            ],
            [
                -0.0006838920000000001
            ]
        ]
    },
    "FHD": {
        "rms": 0,
        "resolution": "FHD",
        "imageSize": [
            1920,
            1080
        ],
        "baseline": [
            0.11981499999999999
        ],
        "cameraMatrixLeft": [
            [
                1055.5,
                0.0,
                901.96
            ],
            [
                0.0,
                1054.9,
                577.498
            ],
            [
                0.0,
                0.0,
                1.0
            ]
        ],
        "cameraMatrixRight": [
            [
                1058.31,
                0.0,
                984.1
            ],
            [
                0.0,
                1057.78,
                543.917
            ],
            [
                0.0,
                0.0,
                1.0
            ]
        ],
        "distCoefLeft": [
            [
                -0.0338184,
                0.00198006,
                -0.000596112,
                5.35236e-06,
                -0.00231047
            ]
        ],
        "distCoefRight": [
            [
                -0.0438065,
                0.0121272,
                -8.26351e-05,
                0.000257977,
                -0.00544379
            ]
        ],
        "R": [
            [
                0.9999779116701528,
                0.0005468741769187953,
                -0.006623979199435546
            ],
            [
                -0.0005562453329649518,
                0.9999988470493457,
                -0.0014129724373968186
            ],
            [
                0.006623198844175682,
                0.0014166257847109047,
                0.9999770629411739
            ]
        ],
        "T": [
            [
                0.11981499999999999
            ],
            [
                -6.40154e-05
            ],
            [
                -0.0006838920000000001
            ]
        ]
    },
    "HD": {
        "rms": 0,
        "resolution": "HD",
        "imageSize": [
            1280,
            720
        ],
        "baseline": [
            0.11981499999999999
        ],
        "cameraMatrixLeft": [
            [
                527.75,
                0.0,
                609.48
            ],
            [
                0.0,
                527.45,
                377.249
            ],
            [
                0.0,
                0.0,
                1.0
            ]
        ],
        "cameraMatrixRight": [
            [
                529.155,
                0.0,
                650.55
            ],
            [
                0.0,
                528.89,
                360.4585
            ],
            [
                0.0,
                0.0,
                1.0
            ]
        ],
        "distCoefLeft": [
            [
                -0.0338184,
                0.00198006,
                -0.000596112,
                5.35236e-06,
                -0.00231047
            ]
        ],
        "distCoefRight": [
            [
                -0.0438065,
                0.0121272,
                -8.26351e-05,
                0.000257977,
                -0.00544379
            ]
        ],
        "R": [
            [
                0.9999779116701528,
                0.0005468741769187953,
                -0.006623979199435546
            ],
            [
                -0.0005562453329649518,
                0.9999988470493457,
                -0.0014129724373968186
            ],
            [
                0.006623198844175682,
                0.0014166257847109047,
                0.9999770629411739
            ]
        ],
        "T": [
            [
                0.11981499999999999
            ],
            [
                -6.40154e-05
            ],
            [
                -0.0006838920000000001
            ]
        ]
    },
    "VGA": {
        "rms": 0,
        "resolution": "VGA",
        "imageSize": [
            672,
            376
        ],
        "baseline": [
            0.11981499999999999
        ],
        "cameraMatrixLeft": [
            [
                263.875,
                0.0,
                320.24
            ],
            [
                0.0,
                263.725,
                196.1245
            ],
            [
                0.0,
                0.0,
                1.0
            ]
        ],
        "cameraMatrixRight": [
            [
                264.5775,
                0.0,
                340.775
            ],
            [
                0.0,
                264.445,
                187.72925
            ],
            [
                0.0,
                0.0,
                1.0
            ]
        ],
        "distCoefLeft": [
            [
                -0.0338184,
                0.00198006,
                -0.000596112,
                5.35236e-06,
                -0.00231047
            ]
        ],
        "distCoefRight": [
            [
                -0.0438065,
                0.0121272,
                -8.26351e-05,
                0.000257977,
                -0.00544379
            ]
        ],
        "R": [
            [
                0.9999779116701528,
                0.0005468741769187953,
                -0.006623979199435546
            ],
            [
                -0.0005562453329649518,
                0.9999988470493457,
                -0.0014129724373968186
            ],
            [
                0.006623198844175682,
                0.0014166257847109047,
                0.9999770629411739
            ]
        ],
        "T": [
            [
                0.11981499999999999
            ],
            [
                -6.40154e-05
            ],
            [
                -0.0006838920000000001
            ]
        ]
    }
}