{
    "2K": {
        "rms": 0,
        "resolution": "2K",
        "imageSize": [
            2208,
            1242
        ],
        "baseline": [
            0.119949
        ],
        "cameraMatrixLeft": [
            [
                1057.05,
                0.0,
                1077.03
            ],
            [
                0.0,
                1057.01,
                625.739
            ],
            [
                0.0,
                0.0,
                1.0
            ]
        ],
        "cameraMatrixRight": [
            [
                1054.96,
                0.0,
                1095.51
            ],
            [
                0.0,
                1054.86,
                634.02
            ],
            [
                0.0,
                0.0,
                1.0
            ]
        ],
        "distCoefLeft": [
            [
                -0.0418766,
                0.0100314,
                0.000313288,
                2.32288e-06,
                -0.00487206
            ]
        ],
        "distCoefRight": [
            [
                -0.0445066,
                0.0127703,
                -0.00058755,
                0.000246811,
                -0.00560936
            ]
        ],
        "R": [
            [
                0.9999992922843804,
                0.001188275041698235,
                5.8593203052456264e-05
            ],
            [
                -0.0011882442897100062,
                0.9999991577380518,
                -0.0005221098493955758
            ],
            [
                -5.921356380468964e-05,
                0.0005220398568513377,
                0.9999998619840613
            ]
        ],
        "T": [
            [
                0.119949
            ],
            [
                5.38895e-05
            ],
            [
                -0.000102518
            ]
        ]
    },
    "FHD": {
        "rms": 0,
        "resolution": "FHD",
        "imageSize": [
            1920,
            1080
        ],
        "baseline": [
            0.119949
        ],
        "cameraMatrixLeft": [
            [
                1057.05,
                0.0,
                933.03
            ],
            [
                0.0,
                1057.01,
                544.739
            ],
            [
                0.0,
                0.0,
                1.0
            ]
        ],
        "cameraMatrixRight": [
            [
                1054.96,
                0.0,
                951.51
            ],
            [
                0.0,
                1054.86,
                553.02
            ],
            [
                0.0,
                0.0,
                1.0
            ]
        ],
        "distCoefLeft": [
            [
                -0.0418766,
                0.0100314,
                0.000313288,
                2.32288e-06,
                -0.00487206
            ]
        ],
        "distCoefRight": [
            [
                -0.0445066,
                0.0127703,
                -0.00058755,
                0.000246811,
                -0.00560936
            ]
        ],
        "R": [
            [
                0.9999992922843804,
                0.001188275041698235,
                5.8593203052456264e-05
            ],
            [
                -0.0011882442897100062,
                0.9999991577380518,
                -0.0005221098493955758
            ],
            [
                -5.921356380468964e-05,
                0.0005220398568513377,
                0.9999998619840613
            ]
        ],
        "T": [
            [
                0.119949
            ],
            [
                5.38895e-05
            ],
            [
                -0.000102518
            ]
        ]
    },
    "HD": {
        "rms": 0,
        "resolution": "HD",
        "imageSize": [
            1280,
            720
        ],
        "baseline": [
            0.119949
        ],
        "cameraMatrixLeft": [
            [
                528.525,
                0.0,
                625.015
            ],
            [
                0.0,
                528.505,
                360.8695
            ],
            [
                0.0,
                0.0,
                1.0
            ]
        ],
        "cameraMatrixRight": [
            [
                527.48,
                0.0,
                634.255
            ],
            [
                0.0,
                527.43,
                365.01
            ],
            [
                0.0,
                0.0,
                1.0
            ]
        ],
        "distCoefLeft": [
            [
                -0.0418766,
                0.0100314,
                0.000313288,
                2.32288e-06,
                -0.00487206
            ]
        ],
        "distCoefRight": [
            [
                -0.0445066,
                0.0127703,
                -0.00058755,
                0.000246811,
                -0.00560936
            ]
        ],
        "R": [
            [
                0.9999992922843804,
                0.001188275041698235,
                5.8593203052456264e-05
            ],
            [
                -0.0011882442897100062,
                0.9999991577380518,
                -0.0005221098493955758
            ],
            [
                -5.921356380468964e-05,
                0.0005220398568513377,
                0.9999998619840613
            ]
        ],
        "T": [
            [
                0.119949
            ],
            [
                5.38895e-05
            ],
            [
                -0.000102518
            ]
        ]
    },
    "VGA": {
        "rms": 0,
        "resolution": "VGA",
        "imageSize": [
            672,
            376
        ],
        "baseline": [
            0.119949
        ],
        "cameraMatrixLeft": [
            [
                264.2625,
                0.0,
                328.0075
            ],
            [
                0.0,
                264.2525,
                187.93475
            ],
            [
                0.0,
                0.0,
                1.0
            ]
        ],
        "cameraMatrixRight": [
            [
                263.74,
                0.0,
                332.6275
            ],
            [
                0.0,
                263.715,
                190.005
            ],
            [
                0.0,
                0.0,
                1.0
            ]
        ],
        "distCoefLeft": [
            [
                -0.0418766,
                0.0100314,
                0.000313288,
                2.32288e-06,
                -0.00487206
            ]
        ],
        "distCoefRight": [
            [
                -0.0445066,
                0.0127703,
                -0.00058755,
                0.000246811,
                -0.00560936
            ]
        ],
        "R": [
            [
                0.9999992922843804,
                0.001188275041698235,
                5.8593203052456264e-05
            ],
            [
                -0.0011882442897100062,
                0.9999991577380518,
                -0.0005221098493955758
            ],
            [
                -5.921356380468964e-05,
                0.0005220398568513377,
                0.9999998619840613
            ]
        ],
        "T": [
            [
                0.119949
            ],
            [
                5.38895e-05
            ],
            [
                -0.000102518
            ]
        ]
    }
}