{
    "2K": {
        "rms": 0,
        "resolution": "2K",
        "imageSize": [
            2208,
            1242
        ],
        "baseline": [
            0.119673
        ],
        "cameraMatrixLeft": [
            [
                1059.27,
                0.0,
                1092.25
            ],
            [
                0.0,
                1058.41,
                614.369
            ],
            [
                0.0,
                0.0,
                1.0
            ]
        ],
        "cameraMatrixRight": [
            [
                1055.73,
                0.0,
                1104.41
            ],
            [
                0.0,
                1055.2,
                627.593
            ],
            [
                0.0,
                0.0,
                1.0
            ]
        ],
        "distCoefLeft": [
            [
                -0.0415028,
                0.0104013,
                -0.0001287,
                -8.59287e-05,
                -0.00504057
            ]
        ],
        "distCoefRight": [
            [
                -0.0400849,
                0.0108059,
                -0.000801468,
                -1.86884e-06,
                -0.00518244
            ]
        ],
        "R": [
            [
                0.9999998858087168,
                0.00045868204516945766,
                0.0001341392368467309
            ],
            [
                -0.0004588496800506354,
                0.9999991105266558,
                0.0012523589215690412
            ],
            [
                -0.00013356468298202692,
                -0.0012524203283064779,
                0.9999992068015838
            ]
        ],
        "T": [
            [
                0.119673
            ],
            [
                -2.39395e-05
            ],
            [
                -0.00010714
            ]
        ]
    },
    "FHD": {
        "rms": 0,
        "resolution": "FHD",
        "imageSize": [
            1920,
            1080
        ],
        "baseline": [
            0.119673
        ],
        "cameraMatrixLeft": [
            [
                1059.27,
                0.0,
                948.25
            ],
            [
                0.0,
                1058.41,
                533.369
            ],
            [
                0.0,
                0.0,
                1.0
            ]
        ],
        "cameraMatrixRight": [
            [
                1055.73,
                0.0,
                960.41
            ],
            [
                0.0,
                1055.2,
                546.593
            ],
            [
                0.0,
                0.0,
                1.0
            ]
        ],
        "distCoefLeft": [
            [
                -0.0415028,
                0.0104013,
                -0.0001287,
                -8.59287e-05,
                -0.00504057
            ]
        ],
        "distCoefRight": [
            [
                -0.0400849,
                0.0108059,
                -0.000801468,
                -1.86884e-06,
                -0.00518244
            ]
        ],
        "R": [
            [
                0.9999998858087168,
                0.00045868204516945766,
                0.0001341392368467309
            ],
            [
                -0.0004588496800506354,
                0.9999991105266558,
                0.0012523589215690412
            ],
            [
                -0.00013356468298202692,
                -0.0012524203283064779,
                0.9999992068015838
            ]
        ],
        "T": [
            [
                0.119673
            ],
            [
                -2.39395e-05
            ],
            [
                -0.00010714
            ]
        ]
    },
    "HD": {
        "rms": 0,
        "resolution": "HD",
        "imageSize": [
            1280,
            720
        ],
        "baseline": [
            0.119673
        ],
        "cameraMatrixLeft": [
            [
                529.635,
                0.0,
                632.625
            ],
            [
                0.0,
                529.205,
                355.1845
            ],
            [
                0.0,
                0.0,
                1.0
            ]
        ],
        "cameraMatrixRight": [
            [
                527.865,
                0.0,
                638.705
            ],
            [
                0.0,
                527.6,
                361.7965
            ],
            [
                0.0,
                0.0,
                1.0
            ]
        ],
        "distCoefLeft": [
            [
                -0.0415028,
                0.0104013,
                -0.0001287,
                -8.59287e-05,
                -0.00504057
            ]
        ],
        "distCoefRight": [
            [
                -0.0400849,
                0.0108059,
                -0.000801468,
                -1.86884e-06,
                -0.00518244
            ]
        ],
        "R": [
            [
                0.9999998858087168,
                0.00045868204516945766,
                0.0001341392368467309
            ],
            [
                -0.0004588496800506354,
                0.9999991105266558,
                0.0012523589215690412
            ],
            [
                -0.00013356468298202692,
                -0.0012524203283064779,
                0.9999992068015838
            ]
        ],
        "T": [
            [
                0.119673
            ],
            [
                -2.39395e-05
            ],
            [
                -0.00010714
            ]
        ]
    },
    "VGA": {
        "rms": 0,
        "resolution": "VGA",
        "imageSize": [
            672,
            376
        ],
        "baseline": [
            0.119673
        ],
        "cameraMatrixLeft": [
            [
                264.8175,
                0.0,
                331.8125
            ],
            [
                0.0,
                264.6025,
                185.09225
            ],
            [
                0.0,
                0.0,
                1.0
            ]
        ],
        "cameraMatrixRight": [
            [
                263.9325,
                0.0,
                334.8525
            ],
            [
                0.0,
                263.8,
                188.39825
            ],
            [
                0.0,
                0.0,
                1.0
            ]
        ],
        "distCoefLeft": [
            [
                -0.0415028,
                0.0104013,
                -0.0001287,
                -8.59287e-05,
                -0.00504057
            ]
        ],
        "distCoefRight": [
            [
                -0.0400849,
                0.0108059,
                -0.000801468,
                -1.86884e-06,
                -0.00518244
            ]
        ],
        "R": [
            [
                0.9999998858087168,
                0.00045868204516945766,
                0.0001341392368467309
            ],
            [
                -0.0004588496800506354,
                0.9999991105266558,
                0.0012523589215690412
            ],
            [
                -0.00013356468298202692,
                -0.0012524203283064779,
                0.9999992068015838
            ]
        ],
        "T": [
            [
                0.119673
            ],
            [
                -2.39395e-05
            ],
            [
                -0.00010714
            ]
        ]
    }
}