{
    "2K": {
        "rms": 0,
        "resolution": "2K",
        "imageSize": [
            2208,
            1242
        ],
        "baseline": [
            0.12007999999999999
        ],
        "cameraMatrixLeft": [
            [
                1059.98,
                0.0,
                1106.79
            ],
            [
                0.0,
                1059.22,
                611.644
            ],
            [
                0.0,
                0.0,
                1.0
            ]
        ],
        "cameraMatrixRight": [
            [
                1058.35,
                0.0,
                1099.96
            ],
            [
                0.0,
                1057.48,
                624.825
            ],
            [
                0.0,
                0.0,
                1.0
            ]
        ],
        "distCoefLeft": [
            [
                -0.0408024,
                0.00957457,
                0.000278828,
                -0.000103618,
                -0.00482122
            ]
        ],
        "distCoefRight": [
            [
                -0.0408496,
                0.00860091,
                -0.000643159,
                1.72289e-05,
                -0.00436137
            ]
        ],
        "R": [
            [
                0.9999938163298546,
                7.191274624664235e-05,
                -0.0035159821685843014
            ],
            [
                -7.859685285679799e-05,
                0.9999981900801479,
                -0.00190096264115013
            ],
            [
                0.0035158391014943374,
                0.0019012272313573505,
                0.99999201207331
            ]
        ],
        "T": [
            [
                0.12007999999999999
            ],
            [
                -8.4943e-05
            ],
            [
                -0.000243086
            ]
        ]
    },
    "FHD": {
        "rms": 0,
        "resolution": "FHD",
        "imageSize": [
            1920,
            1080
        ],
        "baseline": [
            0.12007999999999999
        ],
        "cameraMatrixLeft": [
            [
                1059.98,
                0.0,
                962.79
            ],
            [
                0.0,
                1059.22,
                530.644
            ],
            [
                0.0,
                0.0,
                1.0
            ]
        ],
        "cameraMatrixRight": [
            [
                1058.35,
                0.0,
                955.96
            ],
            [
                0.0,
                1057.48,
                543.825
            ],
            [
                0.0,
                0.0,
                1.0
            ]
        ],
        "distCoefLeft": [
            [
                -0.0408024,
                0.00957457,
                0.000278828,
                -0.000103618,
                -0.00482122
            ]
        ],
        "distCoefRight": [
            [
                -0.0408496,
                0.00860091,
                -0.000643159,
                1.72289e-05,
                -0.00436137
            ]
        ],
        "R": [
            [
                0.9999938163298546,
                7.191274624664235e-05,
                -0.0035159821685843014
            ],
            [
                -7.859685285679799e-05,
                0.9999981900801479,
                -0.00190096264115013
            ],
            [
                0.0035158391014943374,
                0.0019012272313573505,
                0.99999201207331
            ]
        ],
        "T": [
            [
                0.12007999999999999
            ],
            [
                -8.4943e-05
            ],
            [
                -0.000243086
            ]
        ]
    },
    "HD": {
        "rms": 0,
        "resolution": "HD",
        "imageSize": [
            1280,
            720
        ],
        "baseline": [
            0.12007999999999999
        ],
        "cameraMatrixLeft": [
            [
                529.99,
                0.0,
                639.895
            ],
            [
                0.0,
                529.61,
                353.822
            ],
            [
                0.0,
                0.0,
                1.0
            ]
        ],
        "cameraMatrixRight": [
            [
                529.175,
                0.0,
                636.48
            ],
            [
                0.0,
                528.74,
                360.4125
            ],
            [
                0.0,
                0.0,
                1.0
            ]
        ],
        "distCoefLeft": [
            [
                -0.0408024,
                0.00957457,
                0.000278828,
                -0.000103618,
                -0.00482122
            ]
        ],
        "distCoefRight": [
            [
                -0.0408496,
                0.00860091,
                -0.000643159,
                1.72289e-05,
                -0.00436137
            ]
        ],
        "R": [
            [
                0.9999938163298546,
                7.191274624664235e-05,
                -0.0035159821685843014
            ],
            [
                -7.859685285679799e-05,
                0.9999981900801479,
                -0.00190096264115013
            ],
            [
                0.0035158391014943374,
                0.0019012272313573505,
                0.99999201207331
            ]
        ],
        "T": [
            [
                0.12007999999999999
            ],
            [
                -8.4943e-05
            ],
            [
                -0.000243086
            ]
        ]
    },
    "VGA": {
        "rms": 0,
        "resolution": "VGA",
        "imageSize": [
            672,
            376
        ],
        "baseline": [
            0.12007999999999999
        ],
        "cameraMatrixLeft": [
            [
                264.995,
                0.0,
                335.4475
            ],
            [
                0.0,
                264.805,
                184.411
            ],
            [
                0.0,
                0.0,
                1.0
            ]
        ],
        "cameraMatrixRight": [
            [
                264.5875,
                0.0,
                333.74
            ],
            [
                0.0,
                264.37,
                187.70625
            ],
            [
                0.0,
                0.0,
                1.0
            ]
        ],
        "distCoefLeft": [
            [
                -0.0408024,
                0.00957457,
                0.000278828,
                -0.000103618,
                -0.00482122
            ]
        ],
        "distCoefRight": [
            [
                -0.0408496,
                0.00860091,
                -0.000643159,
                1.72289e-05,
                -0.00436137
            ]
        ],
        "R": [
            [
                0.9999938163298546,
                7.191274624664235e-05,
                -0.0035159821685843014
            ],
            [
                -7.859685285679799e-05,
                0.9999981900801479,
                -0.00190096264115013
            ],
            [
                0.0035158391014943374,
                0.0019012272313573505,
                0.99999201207331
            ]
        ],
        "T": [
            [
                0.12007999999999999
            ],
            [
                -8.4943e-05
            ],
            [
                -0.000243086
            ]
        ]
    }
}