{
    "2K": {
        "rms": 0,
        "resolution": "2K",
        "imageSize": [
            2208,
            1242
        ],
        "baseline": [
            0.119728
        ],
        "cameraMatrixLeft": [
            [
                1057.83,
                0.0,
                1063.84
            ],
            [
                0.0,
                1057.34,
                649.499
            ],
            [
                0.0,
                0.0,
                1.0
            ]
        ],
        "cameraMatrixRight": [
            [
                1055.25,
                0.0,
                1137.02
            ],
            [
                0.0,
                1054.93,
                628.609
            ],
            [
                0.0,
                0.0,
                1.0
            ]
        ],
        "distCoefLeft": [
            [
                -0.0367561,
                0.00561791,
                -0.000624132,
                9.12931e-05,
                -0.00340223
            ]
        ],
        "distCoefRight": [
            [
                -0.0371171,
                0.00457376,
                -0.000213958,
                0.000327238,
                -0.0029894
            ]
        ],
        "R": [
            [
                0.9999586330624187,
                0.0003376585164859975,
                -0.009089452715379222
            ],
            [
                -0.00033647618582971977,
                0.9999999347318006,
                0.00013160612027454514
            ],
            [
                0.009089496560054342,
                -0.0001285422917514292,
                0.9999586814109691
            ]
        ],
        "T": [
            [
                0.119728
            ],
            [
                2.88645e-05
            ],
            [
                -0.000613716
            ]
        ]
    },
    "FHD": {
        "rms": 0,
        "resolution": "FHD",
        "imageSize": [
            1920,
            1080
        ],
        "baseline": [
            0.119728
        ],
        "cameraMatrixLeft": [
            [
                1057.83,
                0.0,
                919.84
            ],
            [
                0.0,
                1057.34,
                568.499
            ],
            [
                0.0,
                0.0,
                1.0
            ]
        ],
        "cameraMatrixRight": [
            [
                1055.25,
                0.0,
                993.02
            ],
            [
                0.0,
                1054.93,
                547.609
            ],
            [
                0.0,
                0.0,
                1.0
            ]
        ],
        "distCoefLeft": [
            [
                -0.0367561,
                0.00561791,
                -0.000624132,
                9.12931e-05,
                -0.00340223
            ]
        ],
        "distCoefRight": [
            [
                -0.0371171,
                0.00457376,
                -0.000213958,
                0.000327238,
                -0.0029894
            ]
        ],
        "R": [
            [
                0.9999586330624187,
                0.0003376585164859975,
                -0.009089452715379222
            ],
            [
                -0.00033647618582971977,
                0.9999999347318006,
                0.00013160612027454514
            ],
            [
                0.009089496560054342,
                -0.0001285422917514292,
                0.9999586814109691
            ]
        ],
        "T": [
            [
                0.119728
            ],
            [
                2.88645e-05
            ],
            [
                -0.000613716
            ]
        ]
    },
    "HD": {
        "rms": 0,
        "resolution": "HD",
        "imageSize": [
            1280,
            720
        ],
        "baseline": [
            0.119728
        ],
        "cameraMatrixLeft": [
            [
                528.915,
                0.0,
                618.42
            ],
            [
                0.0,
                528.67,
                372.7495
            ],
            [
                0.0,
                0.0,
                1.0
            ]
        ],
        "cameraMatrixRight": [
            [
                527.625,
                0.0,
                655.01
            ],
            [
                0.0,
                527.465,
                362.3045
            ],
            [
                0.0,
                0.0,
                1.0
            ]
        ],
        "distCoefLeft": [
            [
                -0.0367561,
                0.00561791,
                -0.000624132,
                9.12931e-05,
                -0.00340223
            ]
        ],
        "distCoefRight": [
            [
                -0.0371171,
                0.00457376,
                -0.000213958,
                0.000327238,
                -0.0029894
            ]
        ],
        "R": [
            [
                0.9999586330624187,
                0.0003376585164859975,
                -0.009089452715379222
            ],
            [
                -0.00033647618582971977,
                0.9999999347318006,
                0.00013160612027454514
            ],
            [
                0.009089496560054342,
                -0.0001285422917514292,
                0.9999586814109691
            ]
        ],
        "T": [
            [
                0.119728
            ],
            [
                2.88645e-05
            ],
            [
                -0.000613716
            ]
        ]
    },
    "VGA": {
        "rms": 0,
        "resolution": "VGA",
        "imageSize": [
            672,
            376
        ],
        "baseline": [
            0.119728
        ],
        "cameraMatrixLeft": [
            [
                264.4575,
                0.0,
                324.71
            ],
            [
                0.0,
                264.335,
                193.87475
            ],
            [
                0.0,
                0.0,
                1.0
            ]
        ],
        "cameraMatrixRight": [
            [
                263.8125,
                0.0,
                343.005
            ],
            [
                0.0,
                263.7325,
                188.65225
            ],
            [
                0.0,
                0.0,
                1.0
            ]
        ],
        "distCoefLeft": [
            [
                -0.0367561,
                0.00561791,
                -0.000624132,
                9.12931e-05,
                -0.00340223
            ]
        ],
        "distCoefRight": [
            [
                -0.0371171,
                0.00457376,
                -0.000213958,
                0.000327238,
                -0.0029894
            ]
        ],
        "R": [
            [
                0.9999586330624187,
                0.0003376585164859975,
                -0.009089452715379222
            ],
            [
                -0.00033647618582971977,
                0.9999999347318006,
                0.00013160612027454514
            ],
            [
                0.009089496560054342,
                -0.0001285422917514292,
                0.9999586814109691
            ]
        ],
        "T": [
            [
                0.119728
            ],
            [
                2.88645e-05
            ],
            [
                -0.000613716
            ]
        ]
    }
}