{
    "2K": {
        "rms": 0,
        "resolution": "2K",
        "imageSize": [
            2208,
            1242
        ],
        "baseline": [
            0.11980400000000001
        ],
        "cameraMatrixLeft": [
            [
                1057.73,
                0.0,
                1105.96
            ],
            [
                0.0,
                1056.65,
                623.652
            ],
            [
                0.0,
                0.0,
                1.0
            ]
        ],
        "cameraMatrixRight": [
            [
                1054.1,
                0.0,
                1115.19
            ],
            [
                0.0,
                1053.39,
                641.041
            ],
            [
                0.0,
                0.0,
                1.0
            ]
        ],
        "distCoefLeft": [
            [
                -0.0431057,
                0.0129436,
                -0.00100616,
                -0.000133114,
                -0.00589921
            ]
        ],
        "distCoefRight": [
            [
                -0.0413458,
                0.0110708,
                0.000309644,
                0.000159113,
                -0.00517138
            ]
        ],
        "R": [
            [
                0.9999999369257024,
                0.00026561971293898235,
                0.00023578540938398444
            ],
            [
                -0.0002660459856710174,
                0.9999983271055457,
                0.0018096976662949358
            ],
            [
                -0.0002353043235652446,
                -0.0018097602819111742,
                0.999998334698412
            ]
        ],
        "T": [
            [
                0.11980400000000001
            ],
            [
                0.000113732
            ],
            [
                9.61974e-05
            ]
        ]
    },
    "FHD": {
        "rms": 0,
        "resolution": "FHD",
        "imageSize": [
            1920,
            1080
        ],
        "baseline": [
            0.11980400000000001
        ],
        "cameraMatrixLeft": [
            [
                1057.73,
                0.0,
                961.96
            ],
            [
                0.0,
                1056.65,
                542.652
            ],
            [
                0.0,
                0.0,
                1.0
            ]
        ],
        "cameraMatrixRight": [
            [
                1054.1,
                0.0,
                971.19
            ],
            [
                0.0,
                1053.39,
                560.041
            ],
            [
                0.0,
                0.0,
                1.0
            ]
        ],
        "distCoefLeft": [
            [
                -0.0431057,
                0.0129436,
                -0.00100616,
                -0.000133114,
                -0.00589921
            ]
        ],
        "distCoefRight": [
            [
                -0.0413458,
                0.0110708,
                0.000309644,
                0.000159113,
                -0.00517138
            ]
        ],
        "R": [
            [
                0.9999999369257024,
                0.00026561971293898235,
                0.00023578540938398444
            ],
            [
                -0.0002660459856710174,
                0.9999983271055457,
                0.0018096976662949358
            ],
            [
                -0.0002353043235652446,
                -0.0018097602819111742,
                0.999998334698412
            ]
        ],
        "T": [
            [
                0.11980400000000001
            ],
            [
                0.000113732
            ],
            [
                9.61974e-05
            ]
        ]
    },
    "HD": {
        "rms": 0,
        "resolution": "HD",
        "imageSize": [
            1280,
            720
        ],
        "baseline": [
            0.11980400000000001
        ],
        "cameraMatrixLeft": [
            [
                528.865,
                0.0,
                639.48
            ],
            [
                0.0,
                528.325,
                359.826
            ],
            [
                0.0,
                0.0,
                1.0
            ]
        ],
        "cameraMatrixRight": [
            [
                527.05,
                0.0,
                644.095
            ],
            [
                0.0,
                526.695,
                368.5205
            ],
            [
                0.0,
                0.0,
                1.0
            ]
        ],
        "distCoefLeft": [
            [
                -0.0431057,
                0.0129436,
                -0.00100616,
                -0.000133114,
                -0.00589921
            ]
        ],
        "distCoefRight": [
            [
                -0.0413458,
                0.0110708,
                0.000309644,
                0.000159113,
                -0.00517138
            ]
        ],
        "R": [
            [
                0.9999999369257024,
                0.00026561971293898235,
                0.00023578540938398444
            ],
            [
                -0.0002660459856710174,
                0.9999983271055457,
                0.0018096976662949358
            ],
            [
                -0.0002353043235652446,
                -0.0018097602819111742,
                0.999998334698412
            ]
        ],
        "T": [
            [
                0.11980400000000001
            ],
            [
                0.000113732
            ],
            [
                9.61974e-05
            ]
        ]
    },
    "VGA": {
        "rms": 0,
        "resolution": "VGA",
        "imageSize": [
            672,
            376
        ],
        "baseline": [
            0.11980400000000001
        ],
        "cameraMatrixLeft": [
            [
                264.4325,
                0.0,
                335.24
            ],
            [
                0.0,
                264.1625,
                187.413
            ],
            [
                0.0,
                0.0,
                1.0
            ]
        ],
        "cameraMatrixRight": [
            [
                263.525,
                0.0,
                337.5475
            ],
            [
                0.0,
                263.3475,
                191.76025
            ],
            [
                0.0,
                0.0,
                1.0
            ]
        ],
        "distCoefLeft": [
            [
                -0.0431057,
                0.0129436,
                -0.00100616,
                -0.000133114,
                -0.00589921
            ]
        ],
        "distCoefRight": [
            [
                -0.0413458,
                0.0110708,
                0.000309644,
                0.000159113,
                -0.00517138
            ]
        ],
        "R": [
            [
                0.9999999369257024,
                0.00026561971293898235,
                0.00023578540938398444
            ],
            [
                -0.0002660459856710174,
                0.9999983271055457,
                0.0018096976662949358
            ],
            [
                -0.0002353043235652446,
                -0.0018097602819111742,
                0.999998334698412
            ]
        ],
        "T": [
            [
                0.11980400000000001
            ],
            [
                0.000113732
            ],
            [
                9.61974e-05
            ]
        ]
    }
}