{
    "2K": {
        "rms": 0,
        "resolution": "2K",
        "imageSize": [
            2208,
            1242
        ],
        "baseline": [
            0.120401
        ],
        "cameraMatrixLeft": [
            [
                1056.06,
                0.0,
                1138.43
            ],
            [
                0.0,
                1055.47,
                606.148
            ],
            [
                0.0,
                0.0,
                1.0
            ]
        ],
        "cameraMatrixRight": [
            [
                1051.72,
                0.0,
                1068.69
            ],
            [
                0.0,
                1051.29,
                644.549
            ],
            [
                0.0,
                0.0,
                1.0
            ]
        ],
        "distCoefLeft": [
            [
                -0.0395557,
                0.00878814,
                0.00015642,
                -0.000325672,
                -0.00472074
            ]
        ],
        "distCoefRight": [
            [
                -0.0368365,
                0.00793371,
                -4.17014e-07,
                0.000105251,
                -0.00432493
            ]
        ],
        "R": [
            [
                0.9999970742681706,
                0.00033185060056249125,
                -0.002396107317651346
            ],
            [
                -0.0003244517168505267,
                0.999995180700646,
                0.003087605312517096
            ],
            [
                0.00239712039377015,
                -0.003086818857878992,
                0.9999923626524138
            ]
        ],
        "T": [
            [
                0.120401
            ],
            [
                8.27137e-05
            ],
            [
                -0.000241461
            ]
        ]
    },
    "FHD": {
        "rms": 0,
        "resolution": "FHD",
        "imageSize": [
            1920,
            1080
        ],
        "baseline": [
            0.120401
        ],
        "cameraMatrixLeft": [
            [
                1056.06,
                0.0,
                994.43
            ],
            [
                0.0,
                1055.47,
                525.148
            ],
            [
                0.0,
                0.0,
                1.0
            ]
        ],
        "cameraMatrixRight": [
            [
                1051.72,
                0.0,
                924.69
            ],
            [
                0.0,
                1051.29,
                563.549
            ],
            [
                0.0,
                0.0,
                1.0
            ]
        ],
        "distCoefLeft": [
            [
                -0.0395557,
                0.00878814,
                0.00015642,
                -0.000325672,
                -0.00472074
            ]
        ],
        "distCoefRight": [
            [
                -0.0368365,
                0.00793371,
                -4.17014e-07,
                0.000105251,
                -0.00432493
            ]
        ],
        "R": [
            [
                0.9999970742681706,
                0.00033185060056249125,
                -0.002396107317651346
            ],
            [
                -0.0003244517168505267,
                0.999995180700646,
                0.003087605312517096
            ],
            [
                0.00239712039377015,
                -0.003086818857878992,
                0.9999923626524138
            ]
        ],
        "T": [
            [
                0.120401
            ],
            [
                8.27137e-05
            ],
            [
                -0.000241461
            ]
        ]
    },
    "HD": {
        "rms": 0,
        "resolution": "HD",
        "imageSize": [
            1280,
            720
        ],
        "baseline": [
            0.120401
        ],
        "cameraMatrixLeft": [
            [
                528.03,
                0.0,
                655.715
            ],
            [
                0.0,
                527.735,
                351.074
            ],
            [
                0.0,
                0.0,
                1.0
            ]
        ],
        "cameraMatrixRight": [
            [
                525.86,
                0.0,
                620.845
            ],
            [
                0.0,
                525.645,
                370.2745
            ],
            [
                0.0,
                0.0,
                1.0
            ]
        ],
        "distCoefLeft": [
            [
                -0.0395557,
                0.00878814,
                0.00015642,
                -0.000325672,
                -0.00472074
            ]
        ],
        "distCoefRight": [
            [
                -0.0368365,
                0.00793371,
                -4.17014e-07,
                0.000105251,
                -0.00432493
            ]
        ],
        "R": [
            [
                0.9999970742681706,
                0.00033185060056249125,
                -0.002396107317651346
            ],
            [
                -0.0003244517168505267,
                0.999995180700646,
                0.003087605312517096
            ],
            [
                0.00239712039377015,
                -0.003086818857878992,
                0.9999923626524138
            ]
        ],
        "T": [
            [
                0.120401
            ],
            [
                8.27137e-05
            ],
            [
                -0.000241461
            ]
        ]
    },
    "VGA": {
        "rms": 0,
        "resolution": "VGA",
        "imageSize": [
            672,
            376
        ],
        "baseline": [
            0.120401
        ],
        "cameraMatrixLeft": [
            [
                264.015,
                0.0,
                343.3575
            ],
            [
                0.0,
                263.8675,
                183.037
            ],
            [
                0.0,
                0.0,
                1.0
            ]
        ],
        "cameraMatrixRight": [
            [
                262.93,
                0.0,
                325.9225
            ],
            [
                0.0,
                262.8225,
                192.63725
            ],
            [
                0.0,
                0.0,
                1.0
            ]
        ],
        "distCoefLeft": [
            [
                -0.0395557,
                0.00878814,
                0.00015642,
                -0.000325672,
                -0.00472074
            ]
        ],
        "distCoefRight": [
            [
                -0.0368365,
                0.00793371,
                -4.17014e-07,
                0.000105251,
                -0.00432493
            ]
        ],
        "R": [
            [
                0.9999970742681706,
                0.00033185060056249125,
                -0.002396107317651346
            ],
            [
                -0.0003244517168505267,
                0.999995180700646,
                0.003087605312517096
            ],
            [
                0.00239712039377015,
                -0.003086818857878992,
                0.9999923626524138
            ]
        ],
        "T": [
            [
                0.120401
            ],
            [
                8.27137e-05
            ],
            [
                -0.000241461
            ]
        ]
    }
}