{
    "2K": {
        "rms": 0,
        "resolution": "2K",
        "imageSize": [
            2208,
            1242
        ],
        "baseline": [
            0.120108
        ],
        "cameraMatrixLeft": [
            [
                1057.24,
                0.0,
                1084.3
            ],
            [
                0.0,
                1056.8,
                617.281
            ],
            [
                0.0,
                0.0,
                1.0
            ]
        ],
        "cameraMatrixRight": [
            [
                1057.79,
                0.0,
                1086.19
            ],
            [
                0.0,
                1057.1,
                620.006
            ],
            [
                0.0,
                0.0,
                1.0
            ]
        ],
        "distCoefLeft": [
            [
                -0.040241,
                0.00799155,
                -0.000545547,
                0.000251512,
                -0.00426336
            ]
        ],
        "distCoefRight": [
            [
                -0.0438154,
                0.0124529,
                0.000187191,
                -6.95666e-05,
                -0.00560132
            ]
        ],
        "R": [
            [
                0.9999798626402352,
                0.0005965109481573988,
                -0.006318108000440131
            ],
            [
                -0.0006075003627118875,
                0.999998305885363,
                -0.0017375758151512433
            ],
            [
                0.0063170608138439005,
                0.0017413790778638472,
                0.9999785309403305
            ]
        ],
        "T": [
            [
                0.120108
            ],
            [
                6.74357e-05
            ],
            [
                -0.000360285
            ]
        ]
    },
    "FHD": {
        "rms": 0,
        "resolution": "FHD",
        "imageSize": [
            1920,
            1080
        ],
        "baseline": [
            0.120108
        ],
        "cameraMatrixLeft": [
            [
                1057.24,
                0.0,
                940.3
            ],
            [
                0.0,
                1056.8,
                536.281
            ],
            [
                0.0,
                0.0,
                1.0
            ]
        ],
        "cameraMatrixRight": [
            [
                1057.79,
                0.0,
                942.19
            ],
            [
                0.0,
                1057.1,
                539.006
            ],
            [
                0.0,
                0.0,
                1.0
            ]
        ],
        "distCoefLeft": [
            [
                -0.040241,
                0.00799155,
                -0.000545547,
                0.000251512,
                -0.00426336
            ]
        ],
        "distCoefRight": [
            [
                -0.0438154,
                0.0124529,
                0.000187191,
                -6.95666e-05,
                -0.00560132
            ]
        ],
        "R": [
            [
                0.9999798626402352,
                0.0005965109481573988,
                -0.006318108000440131
            ],
            [
                -0.0006075003627118875,
                0.999998305885363,
                -0.0017375758151512433
            ],
            [
                0.0063170608138439005,
                0.0017413790778638472,
                0.9999785309403305
            ]
        ],
        "T": [
            [
                0.120108
            ],
            [
                6.74357e-05
            ],
            [
                -0.000360285
            ]
        ]
    },
    "HD": {
        "rms": 0,
        "resolution": "HD",
        "imageSize": [
            1280,
            720
        ],
        "baseline": [
            0.120108
        ],
        "cameraMatrixLeft": [
            [
                528.62,
                0.0,
                628.65
            ],
            [
                0.0,
                528.4,
                356.6405
            ],
            [
                0.0,
                0.0,
                1.0
            ]
        ],
        "cameraMatrixRight": [
            [
                528.895,
                0.0,
                629.595
            ],
            [
                0.0,
                528.55,
                358.003
            ],
            [
                0.0,
                0.0,
                1.0
            ]
        ],
        "distCoefLeft": [
            [
                -0.040241,
                0.00799155,
                -0.000545547,
                0.000251512,
                -0.00426336
            ]
        ],
        "distCoefRight": [
            [
                -0.0438154,
                0.0124529,
                0.000187191,
                -6.95666e-05,
                -0.00560132
            ]
        ],
        "R": [
            [
                0.9999798626402352,
                0.0005965109481573988,
                -0.006318108000440131
            ],
            [
                -0.0006075003627118875,
                0.999998305885363,
                -0.0017375758151512433
            ],
            [
                0.0063170608138439005,
                0.0017413790778638472,
                0.9999785309403305
            ]
        ],
        "T": [
            [
                0.120108
            ],
            [
                6.74357e-05
            ],
            [
                -0.000360285
            ]
        ]
    },
    "VGA": {
        "rms": 0,
        "resolution": "VGA",
        "imageSize": [
            672,
            376
        ],
        "baseline": [
            0.120108
        ],
        "cameraMatrixLeft": [
            [
                264.31,
                0.0,
                329.825
            ],
            [
                0.0,
                264.2,
                185.82025
            ],
            [
                0.0,
                0.0,
                1.0
            ]
        ],
        "cameraMatrixRight": [
            [
                264.4475,
                0.0,
                330.2975
            ],
            [
                0.0,
                264.275,
                186.5015
            ],
            [
                0.0,
                0.0,
                1.0
            ]
        ],
        "distCoefLeft": [
            [
                -0.040241,
                0.00799155,
                -0.000545547,
                0.000251512,
                -0.00426336
            ]
        ],
        "distCoefRight": [
            [
                -0.0438154,
                0.0124529,
                0.000187191,
                -6.95666e-05,
                -0.00560132
            ]
        ],
        "R": [
            [
                0.9999798626402352,
                0.0005965109481573988,
                -0.006318108000440131
            ],
            [
                -0.0006075003627118875,
                0.999998305885363,
                -0.0017375758151512433
            ],
            [
                0.0063170608138439005,
                0.0017413790778638472,
                0.9999785309403305
            ]
        ],
        "T": [
            [
                0.120108
            ],
            [
                6.74357e-05
            ],
            [
                -0.000360285
            ]
        ]
    }
}