{
    "2K": {
        "rms": 0,
        "resolution": "2K",
        "imageSize": [
            2208,
            1242
        ],
        "baseline": [
            0.119983
        ],
        "cameraMatrixLeft": [
            [
                1057.77,
                0.0,
                1082.22
            ],
            [
                0.0,
                1057.26,
                624.741
            ],
            [
                0.0,
                0.0,
                1.0
            ]
        ],
        "cameraMatrixRight": [
            [
                1064.48,
                0.0,
                1066.49
            ],
            [
                0.0,
                1063.59,
                624.154
            ],
            [
                0.0,
                0.0,
                1.0
            ]
        ],
        "distCoefLeft": [
            [
                -0.0402276,
                0.00862617,
                -0.000363113,
                6.60512e-05,
                -0.00440453
            ]
        ],
        "distCoefRight": [
            [
                -0.0437351,
                0.0131377,
                -0.000204064,
                -0.000130391,
                -0.00578405
            ]
        ],
        "R": [
            [
                0.9999932700721543,
                -3.3206578585901405e-05,
                -0.0036686111435457937
            ],
            [
                1.876357058213175e-05,
                0.9999922502871252,
                -0.003936878664610254
            ],
            [
                0.0036687134431335417,
                0.0039367833334567745,
                0.9999855210345086
            ]
        ],
        "T": [
            [
                0.119983
            ],
            [
                -0.000109284
            ],
            [
                -0.000520833
            ]
        ]
    },
    "FHD": {
        "rms": 0,
        "resolution": "FHD",
        "imageSize": [
            1920,
            1080
        ],
        "baseline": [
            0.119983
        ],
        "cameraMatrixLeft": [
            [
                1057.77,
                0.0,
                938.22
            ],
            [
                0.0,
                1057.26,
                543.741
            ],
            [
                0.0,
                0.0,
                1.0
            ]
        ],
        "cameraMatrixRight": [
            [
                1064.48,
                0.0,
                922.49
            ],
            [
                0.0,
                1063.59,
                543.154
            ],
            [
                0.0,
                0.0,
                1.0
            ]
        ],
        "distCoefLeft": [
            [
                -0.0402276,
                0.00862617,
                -0.000363113,
                6.60512e-05,
                -0.00440453
            ]
        ],
        "distCoefRight": [
            [
                -0.0437351,
                0.0131377,
                -0.000204064,
                -0.000130391,
                -0.00578405
            ]
        ],
        "R": [
            [
                0.9999932700721543,
                -3.3206578585901405e-05,
                -0.0036686111435457937
            ],
            [
                1.876357058213175e-05,
                0.9999922502871252,
                -0.003936878664610254
            ],
            [
                0.0036687134431335417,
                0.0039367833334567745,
                0.9999855210345086
            ]
        ],
        "T": [
            [
                0.119983
            ],
            [
                -0.000109284
            ],
            [
                -0.000520833
            ]
        ]
    },
    "HD": {
        "rms": 0,
        "resolution": "HD",
        "imageSize": [
            1280,
            720
        ],
        "baseline": [
            0.119983
        ],
        "cameraMatrixLeft": [
            [
                528.885,
                0.0,
                627.61
            ],
            [
                0.0,
                528.63,
                360.3705
            ],
            [
                0.0,
                0.0,
                1.0
            ]
        ],
        "cameraMatrixRight": [
            [
                532.24,
                0.0,
                619.745
            ],
            [
                0.0,
                531.795,
                360.077
            ],
            [
                0.0,
                0.0,
                1.0
            ]
        ],
        "distCoefLeft": [
            [
                -0.0402276,
                0.00862617,
                -0.000363113,
                6.60512e-05,
                -0.00440453
            ]
        ],
        "distCoefRight": [
            [
                -0.0437351,
                0.0131377,
                -0.000204064,
                -0.000130391,
                -0.00578405
            ]
        ],
        "R": [
            [
                0.9999932700721543,
                -3.3206578585901405e-05,
                -0.0036686111435457937
            ],
            [
                1.876357058213175e-05,
                0.9999922502871252,
                -0.003936878664610254
            ],
            [
                0.0036687134431335417,
                0.0039367833334567745,
                0.9999855210345086
            ]
        ],
        "T": [
            [
                0.119983
            ],
            [
                -0.000109284
            ],
            [
                -0.000520833
            ]
        ]
    },
    "VGA": {
        "rms": 0,
        "resolution": "VGA",
        "imageSize": [
            672,
            376
        ],
        "baseline": [
            0.119983
        ],
        "cameraMatrixLeft": [
            [
                264.4425,
                0.0,
                329.305
            ],
            [
                0.0,
                264.315,
                187.68525
            ],
            [
                0.0,
                0.0,
                1.0
            ]
        ],
        "cameraMatrixRight": [
            [
                266.12,
                0.0,
                325.3725
            ],
            [
                0.0,
                265.8975,
                187.5385
            ],
            [
                0.0,
                0.0,
                1.0
            ]
        ],
        "distCoefLeft": [
            [
                -0.0402276,
                0.00862617,
                -0.000363113,
                6.60512e-05,
                -0.00440453
            ]
        ],
        "distCoefRight": [
            [
                -0.0437351,
                0.0131377,
                -0.000204064,
                -0.000130391,
                -0.00578405
            ]
        ],
        "R": [
            [
                0.9999932700721543,
                -3.3206578585901405e-05,
                -0.0036686111435457937
            ],
            [
                1.876357058213175e-05,
                0.9999922502871252,
                -0.003936878664610254
            ],
            [
                0.0036687134431335417,
                0.0039367833334567745,
                0.9999855210345086
            ]
        ],
        "T": [
            [
                0.119983
            ],
            [
                -0.000109284
            ],
            [
                -0.000520833
            ]
        ]
    }
}