{
    "cameraIndexes": [
        "/dev/video0",
        "/dev/video1"
    ],
    "serial": "SN25",
    "fishEye": false,
    "squareSize": 36.2,
    "resolution": "NANO",
    "isCsiCam": true,
    "boardShape": [
        9,
        6
    ],
    "leftCamera": {
        "vFlip": true,
        "hFlip": true
    },
    "rightCamera": {
        "vFlip": true,
        "hFlip": true
    },
    "NANO": {
        "rms": 0.22598213051437582,
        "resolution": "NANO",
        "imageSize": [
            800,
            480
        ],
        "baseline": -59.42039814701294,
        "cameraMatrixLeft": [
            [
                721.6410519354232,
                0.0,
                391.112591920263
            ],
            [
                0.0,
                768.1900695168132,
                241.8560493092755
            ],
            [
                0.0,
                0.0,
                1.0
            ]
        ],
        "cameraMatrixRight": [
            [
                725.3431247114405,
                0.0,
                378.1099692207898
            ],
            [
                0.0,
                772.55804512196,
                250.30299447997615
            ],
            [
                0.0,
                0.0,
                1.0
            ]
        ],
        "distCoefLeft": [
            [
                -0.0792995022426055,
                0.5365651222987428,
                -0.0018175409969007942,
                -0.00057788638938098,
                -1.16423499445702
            ]
        ],
        "distCoefRight": [
            [
                -0.09030938371603399,
                0.6642028088253249,
                0.0038866092288062683,
                -0.0014984203068915557,
                -1.275659939395266
            ]
        ],
        "R": [
            [
                0.9999816131764248,
                0.005911777436812369,
                0.0013506282288921674
            ],
            [
                -0.005908664242037486,
                0.999979904443631,
                -0.002297475958788121
            ],
            [
                -0.001364183253801263,
                0.002289453306782645,
                0.9999964486974972
            ]
        ],
        "T": [
            [
                -0.059420398147012936
            ],
            [
                0.0005207979802725699
            ],
            [
                0.00303670940247959
            ]
        ]
    }
}