{
    "2K": {
        "rms": 0,
        "resolution": "2K",
        "imageSize": [
            2208,
            1242
        ],
        "baseline": [
            0.119791
        ],
        "cameraMatrixLeft": [
            [
                1056.98,
                0.0,
                1102.23
            ],
            [
                0.0,
                1056.09,
                646.336
            ],
            [
                0.0,
                0.0,
                1.0
            ]
        ],
        "cameraMatrixRight": [
            [
                1056.42,
                0.0,
                1104.91
            ],
            [
                0.0,
                1055.78,
                629.853
            ],
            [
                0.0,
                0.0,
                1.0
            ]
        ],
        "distCoefLeft": [
            [
                -0.042057,
                0.0122077,
                0.000119001,
                -0.00021081,
                -0.00573987
            ]
        ],
        "distCoefRight": [
            [
                -0.0432207,
                0.0121551,
                0.000342032,
                -0.000544946,
                -0.00557384
            ]
        ],
        "R": [
            [
                0.9999919928400841,
                0.00014453799516278418,
                0.003999170474624673
            ],
            [
                -0.00014735920153409482,
                0.9999997405157178,
                0.0007051622244748886
            ],
            [
                -0.003999067514168602,
                -0.0007057458926961334,
                0.9999917546568832
            ]
        ],
        "T": [
            [
                0.119791
            ],
            [
                -2.0734200000000002e-05
            ],
            [
                0.00015608
            ]
        ]
    },
    "FHD": {
        "rms": 0,
        "resolution": "FHD",
        "imageSize": [
            1920,
            1080
        ],
        "baseline": [
            0.119791
        ],
        "cameraMatrixLeft": [
            [
                1056.98,
                0.0,
                958.23
            ],
            [
                0.0,
                1056.09,
                565.336
            ],
            [
                0.0,
                0.0,
                1.0
            ]
        ],
        "cameraMatrixRight": [
            [
                1056.42,
                0.0,
                960.91
            ],
            [
                0.0,
                1055.78,
                548.853
            ],
            [
                0.0,
                0.0,
                1.0
            ]
        ],
        "distCoefLeft": [
            [
                -0.042057,
                0.0122077,
                0.000119001,
                -0.00021081,
                -0.00573987
            ]
        ],
        "distCoefRight": [
            [
                -0.0432207,
                0.0121551,
                0.000342032,
                -0.000544946,
                -0.00557384
            ]
        ],
        "R": [
            [
                0.9999919928400841,
                0.00014453799516278418,
                0.003999170474624673
            ],
            [
                -0.00014735920153409482,
                0.9999997405157178,
                0.0007051622244748886
            ],
            [
                -0.003999067514168602,
                -0.0007057458926961334,
                0.9999917546568832
            ]
        ],
        "T": [
            [
                0.119791
            ],
            [
                -2.0734200000000002e-05
            ],
            [
                0.00015608
            ]
        ]
    },
    "HD": {
        "rms": 0,
        "resolution": "HD",
        "imageSize": [
            1280,
            720
        ],
        "baseline": [
            0.119791
        ],
        "cameraMatrixLeft": [
            [
                528.49,
                0.0,
                637.615
            ],
            [
                0.0,
                528.045,
                371.168
            ],
            [
                0.0,
                0.0,
                1.0
            ]
        ],
        "cameraMatrixRight": [
            [
                528.21,
                0.0,
                638.955
            ],
            [
                0.0,
                527.89,
                362.9265
            ],
            [
                0.0,
                0.0,
                1.0
            ]
        ],
        "distCoefLeft": [
            [
                -0.042057,
                0.0122077,
                0.000119001,
                -0.00021081,
                -0.00573987
            ]
        ],
        "distCoefRight": [
            [
                -0.0432207,
                0.0121551,
                0.000342032,
                -0.000544946,
                -0.00557384
            ]
        ],
        "R": [
            [
                0.9999919928400841,
                0.00014453799516278418,
                0.003999170474624673
            ],
            [
                -0.00014735920153409482,
                0.9999997405157178,
                0.0007051622244748886
            ],
            [
                -0.003999067514168602,
                -0.0007057458926961334,
                0.9999917546568832
            ]
        ],
        "T": [
            [
                0.119791
            ],
            [
                -2.0734200000000002e-05
            ],
            [
                0.00015608
            ]
        ]
    },
    "VGA": {
        "rms": 0,
        "resolution": "VGA",
        "imageSize": [
            672,
            376
        ],
        "baseline": [
            0.119791
        ],
        "cameraMatrixLeft": [
            [
                264.245,
                0.0,
                334.3075
            ],
            [
                0.0,
                264.0225,
                193.084
            ],
            [
                0.0,
                0.0,
                1.0
            ]
        ],
        "cameraMatrixRight": [
            [
                264.105,
                0.0,
                334.9775
            ],
            [
                0.0,
                263.945,
                188.96325
            ],
            [
                0.0,
                0.0,
                1.0
            ]
        ],
        "distCoefLeft": [
            [
                -0.042057,
                0.0122077,
                0.000119001,
                -0.00021081,
                -0.00573987
            ]
        ],
        "distCoefRight": [
            [
                -0.0432207,
                0.0121551,
                0.000342032,
                -0.000544946,
                -0.00557384
            ]
        ],
        "R": [
            [
                0.9999919928400841,
                0.00014453799516278418,
                0.003999170474624673
            ],
            [
                -0.00014735920153409482,
                0.9999997405157178,
                0.0007051622244748886
            ],
            [
                -0.003999067514168602,
                -0.0007057458926961334,
                0.9999917546568832
            ]
        ],
        "T": [
            [
                0.119791
            ],
            [
                -2.0734200000000002e-05
            ],
            [
                0.00015608
            ]
        ]
    }
}