{
    "2K": {
        "rms": 0,
        "resolution": "2K",
        "imageSize": [
            2208,
            1242
        ],
        "baseline": [
            0.12021599999999999
        ],
        "cameraMatrixLeft": [
            [
                1053.23,
                0.0,
                1104.31
            ],
            [
                0.0,
                1052.91,
                627.674
            ],
            [
                0.0,
                0.0,
                1.0
            ]
        ],
        "cameraMatrixRight": [
            [
                1054.51,
                0.0,
                1089.83
            ],
            [
                0.0,
                1054.04,
                666.573
            ],
            [
                0.0,
                0.0,
                1.0
            ]
        ],
        "distCoefLeft": [
            [
                -0.0426017,
                0.0100701,
                -0.000687008,
                -0.000247122,
                -0.00475893
            ]
        ],
        "distCoefRight": [
            [
                -0.0433409,
                0.0114632,
                0.000274974,
                0.000361846,
                -0.00529814
            ]
        ],
        "R": [
            [
                0.9999964033583608,
                0.0006924292331030975,
                -0.002591102487281671
            ],
            [
                -0.0006833162839921114,
                0.9999935845113263,
                0.003516250139714377
            ],
            [
                0.002593520618480643,
                -0.0035144669504996655,
                0.9999904610409318
            ]
        ],
        "T": [
            [
                0.12021599999999999
            ],
            [
                0.00028485
            ],
            [
                -0.00046608500000000003
            ]
        ]
    },
    "FHD": {
        "rms": 0,
        "resolution": "FHD",
        "imageSize": [
            1920,
            1080
        ],
        "baseline": [
            0.12021599999999999
        ],
        "cameraMatrixLeft": [
            [
                1053.23,
                0.0,
                960.31
            ],
            [
                0.0,
                1052.91,
                546.674
            ],
            [
                0.0,
                0.0,
                1.0
            ]
        ],
        "cameraMatrixRight": [
            [
                1054.51,
                0.0,
                945.83
            ],
            [
                0.0,
                1054.04,
                585.573
            ],
            [
                0.0,
                0.0,
                1.0
            ]
        ],
        "distCoefLeft": [
            [
                -0.0426017,
                0.0100701,
                -0.000687008,
                -0.000247122,
                -0.00475893
            ]
        ],
        "distCoefRight": [
            [
                -0.0433409,
                0.0114632,
                0.000274974,
                0.000361846,
                -0.00529814
            ]
        ],
        "R": [
            [
                0.9999964033583608,
                0.0006924292331030975,
                -0.002591102487281671
            ],
            [
                -0.0006833162839921114,
                0.9999935845113263,
                0.003516250139714377
            ],
            [
                0.002593520618480643,
                -0.0035144669504996655,
                0.9999904610409318
            ]
        ],
        "T": [
            [
                0.12021599999999999
            ],
            [
                0.00028485
            ],
            [
                -0.00046608500000000003
            ]
        ]
    },
    "HD": {
        "rms": 0,
        "resolution": "HD",
        "imageSize": [
            1280,
            720
        ],
        "baseline": [
            0.12021599999999999
        ],
        "cameraMatrixLeft": [
            [
                526.615,
                0.0,
                638.655
            ],
            [
                0.0,
                526.455,
                361.837
            ],
            [
                0.0,
                0.0,
                1.0
            ]
        ],
        "cameraMatrixRight": [
            [
                527.255,
                0.0,
                631.415
            ],
            [
                0.0,
                527.02,
                381.2865
            ],
            [
                0.0,
                0.0,
                1.0
            ]
        ],
        "distCoefLeft": [
            [
                -0.0426017,
                0.0100701,
                -0.000687008,
                -0.000247122,
                -0.00475893
            ]
        ],
        "distCoefRight": [
            [
                -0.0433409,
                0.0114632,
                0.000274974,
                0.000361846,
                -0.00529814
            ]
        ],
        "R": [
            [
                0.9999964033583608,
                0.0006924292331030975,
                -0.002591102487281671
            ],
            [
                -0.0006833162839921114,
                0.9999935845113263,
                0.003516250139714377
            ],
            [
                0.002593520618480643,
                -0.0035144669504996655,
                0.9999904610409318
            ]
        ],
        "T": [
            [
                0.12021599999999999
            ],
            [
                0.00028485
            ],
            [
                -0.00046608500000000003
            ]
        ]
    },
    "VGA": {
        "rms": 0,
        "resolution": "VGA",
        "imageSize": [
            672,
            376
        ],
        "baseline": [
            0.12021599999999999
        ],
        "cameraMatrixLeft": [
            [
                263.3075,
                0.0,
                334.8275
            ],
            [
                0.0,
                263.2275,
                188.4185
            ],
            [
                0.0,
                0.0,
                1.0
            ]
        ],
        "cameraMatrixRight": [
            [
                263.6275,
                0.0,
                331.2075
            ],
            [
                0.0,
                263.51,
                198.14325
            ],
            [
                0.0,
                0.0,
                1.0
            ]
        ],
        "distCoefLeft": [
            [
                -0.0426017,
                0.0100701,
                -0.000687008,
                -0.000247122,
                -0.00475893
            ]
        ],
        "distCoefRight": [
            [
                -0.0433409,
                0.0114632,
                0.000274974,
                0.000361846,
                -0.00529814
            ]
        ],
        "R": [
            [
                0.9999964033583608,
                0.0006924292331030975,
                -0.002591102487281671
            ],
            [
                -0.0006833162839921114,
                0.9999935845113263,
                0.003516250139714377
            ],
            [
                0.002593520618480643,
                -0.0035144669504996655,
                0.9999904610409318
            ]
        ],
        "T": [
            [
                0.12021599999999999
            ],
            [
                0.00028485
            ],
            [
                -0.00046608500000000003
            ]
        ]
    }
}