{
    "2K": {
        "rms": 0,
        "resolution": "2K",
        "imageSize": [
            2208,
            1242
        ],
        "baseline": [
            0.12004300000000001
        ],
        "cameraMatrixLeft": [
            [
                1061.84,
                0.0,
                1103.28
            ],
            [
                0.0,
                1060.65,
                618.358
            ],
            [
                0.0,
                0.0,
                1.0
            ]
        ],
        "cameraMatrixRight": [
            [
                1057.26,
                0.0,
                1094.58
            ],
            [
                0.0,
                1056.54,
                623.502
            ],
            [
                0.0,
                0.0,
                1.0
            ]
        ],
        "distCoefLeft": [
            [
                -0.0430294,
                0.0125946,
                -0.000552852,
                0.000239108,
                -0.00587805
            ]
        ],
        "distCoefRight": [
            [
                -0.0424755,
                0.012104,
                -0.000284377,
                0.000363168,
                -0.0055884
            ]
        ],
        "R": [
            [
                0.9999924586641014,
                0.00024906863450994753,
                -0.003875639268655473
            ],
            [
                -0.00024748010336979326,
                0.9999998851831997,
                0.0004103500772984277
            ],
            [
                0.003875741029000397,
                -0.00040938783910382504,
                0.9999924054876983
            ]
        ],
        "T": [
            [
                0.12004300000000001
            ],
            [
                -2.72773e-05
            ],
            [
                -0.000235389
            ]
        ]
    },
    "FHD": {
        "rms": 0,
        "resolution": "FHD",
        "imageSize": [
            1920,
            1080
        ],
        "baseline": [
            0.12004300000000001
        ],
        "cameraMatrixLeft": [
            [
                1061.84,
                0.0,
                959.28
            ],
            [
                0.0,
                1060.65,
                537.358
            ],
            [
                0.0,
                0.0,
                1.0
            ]
        ],
        "cameraMatrixRight": [
            [
                1057.26,
                0.0,
                950.58
            ],
            [
                0.0,
                1056.54,
                542.502
            ],
            [
                0.0,
                0.0,
                1.0
            ]
        ],
        "distCoefLeft": [
            [
                -0.0430294,
                0.0125946,
                -0.000552852,
                0.000239108,
                -0.00587805
            ]
        ],
        "distCoefRight": [
            [
                -0.0424755,
                0.012104,
                -0.000284377,
                0.000363168,
                -0.0055884
            ]
        ],
        "R": [
            [
                0.9999924586641014,
                0.00024906863450994753,
                -0.003875639268655473
            ],
            [
                -0.00024748010336979326,
                0.9999998851831997,
                0.0004103500772984277
            ],
            [
                0.003875741029000397,
                -0.00040938783910382504,
                0.9999924054876983
            ]
        ],
        "T": [
            [
                0.12004300000000001
            ],
            [
                -2.72773e-05
            ],
            [
                -0.000235389
            ]
        ]
    },
    "HD": {
        "rms": 0,
        "resolution": "HD",
        "imageSize": [
            1280,
            720
        ],
        "baseline": [
            0.12004300000000001
        ],
        "cameraMatrixLeft": [
            [
                530.92,
                0.0,
                638.14
            ],
            [
                0.0,
                530.325,
                357.179
            ],
            [
                0.0,
                0.0,
                1.0
            ]
        ],
        "cameraMatrixRight": [
            [
                528.63,
                0.0,
                633.79
            ],
            [
                0.0,
                528.27,
                359.751
            ],
            [
                0.0,
                0.0,
                1.0
            ]
        ],
        "distCoefLeft": [
            [
                -0.0430294,
                0.0125946,
                -0.000552852,
                0.000239108,
                -0.00587805
            ]
        ],
        "distCoefRight": [
            [
                -0.0424755,
                0.012104,
                -0.000284377,
                0.000363168,
                -0.0055884
            ]
        ],
        "R": [
            [
                0.9999924586641014,
                0.00024906863450994753,
                -0.003875639268655473
            ],
            [
                -0.00024748010336979326,
                0.9999998851831997,
                0.0004103500772984277
            ],
            [
                0.003875741029000397,
                -0.00040938783910382504,
                0.9999924054876983
            ]
        ],
        "T": [
            [
                0.12004300000000001
            ],
            [
                -2.72773e-05
            ],
            [
                -0.000235389
            ]
        ]
    },
    "VGA": {
        "rms": 0,
        "resolution": "VGA",
        "imageSize": [
            672,
            376
        ],
        "baseline": [
            0.12004300000000001
        ],
        "cameraMatrixLeft": [
            [
                265.46,
                0.0,
                334.57
            ],
            [
                0.0,
                265.1625,
                186.0895
            ],
            [
                0.0,
                0.0,
                1.0
            ]
        ],
        "cameraMatrixRight": [
            [
                264.315,
                0.0,
                332.395
            ],
            [
                0.0,
                264.135,
                187.3755
            ],
            [
                0.0,
                0.0,
                1.0
            ]
        ],
        "distCoefLeft": [
            [
                -0.0430294,
                0.0125946,
                -0.000552852,
                0.000239108,
                -0.00587805
            ]
        ],
        "distCoefRight": [
            [
                -0.0424755,
                0.012104,
                -0.000284377,
                0.000363168,
                -0.0055884
            ]
        ],
        "R": [
            [
                0.9999924586641014,
                0.00024906863450994753,
                -0.003875639268655473
            ],
            [
                -0.00024748010336979326,
                0.9999998851831997,
                0.0004103500772984277
            ],
            [
                0.003875741029000397,
                -0.00040938783910382504,
                0.9999924054876983
            ]
        ],
        "T": [
            [
                0.12004300000000001
            ],
            [
                -2.72773e-05
            ],
            [
                -0.000235389
            ]
        ]
    }
}