{
    "2K": {
        "rms": 0,
        "resolution": "2K",
        "imageSize": [
            2208,
            1242
        ],
        "baseline": [
            0.11984
        ],
        "cameraMatrixLeft": [
            [
                1058.79,
                0.0,
                1110.02
            ],
            [
                0.0,
                1058.25,
                625.765
            ],
            [
                0.0,
                0.0,
                1.0
            ]
        ],
        "cameraMatrixRight": [
            [
                1062.22,
                0.0,
                1107.96
            ],
            [
                0.0,
                1061.62,
                627.218
            ],
            [
                0.0,
                0.0,
                1.0
            ]
        ],
        "distCoefLeft": [
            [
                -0.0435787,
                0.0118915,
                -0.000260897,
                -0.0012044,
                -0.00534964
            ]
        ],
        "distCoefRight": [
            [
                -0.0451974,
                0.0142547,
                3.47928e-05,
                0.000384081,
                -0.00612554
            ]
        ],
        "R": [
            [
                0.9999999408221534,
                0.00033905487175632277,
                5.828793783137835e-05
            ],
            [
                -0.00033901305694952066,
                0.9999996862765962,
                -0.0007159028260975931
            ],
            [
                -5.853064988595452e-05,
                0.0007158830233600201,
                0.9999997420427967
            ]
        ],
        "T": [
            [
                0.11984
            ],
            [
                3.46147e-05
            ],
            [
                -6.90644e-05
            ]
        ]
    },
    "FHD": {
        "rms": 0,
        "resolution": "FHD",
        "imageSize": [
            1920,
            1080
        ],
        "baseline": [
            0.11984
        ],
        "cameraMatrixLeft": [
            [
                1058.79,
                0.0,
                966.02
            ],
            [
                0.0,
                1058.25,
                544.765
            ],
            [
                0.0,
                0.0,
                1.0
            ]
        ],
        "cameraMatrixRight": [
            [
                1062.22,
                0.0,
                963.96
            ],
            [
                0.0,
                1061.62,
                546.218
            ],
            [
                0.0,
                0.0,
                1.0
            ]
        ],
        "distCoefLeft": [
            [
                -0.0435787,
                0.0118915,
                -0.000260897,
                -0.0012044,
                -0.00534964
            ]
        ],
        "distCoefRight": [
            [
                -0.0451974,
                0.0142547,
                3.47928e-05,
                0.000384081,
                -0.00612554
            ]
        ],
        "R": [
            [
                0.9999999408221534,
                0.00033905487175632277,
                5.828793783137835e-05
            ],
            [
                -0.00033901305694952066,
                0.9999996862765962,
                -0.0007159028260975931
            ],
            [
                -5.853064988595452e-05,
                0.0007158830233600201,
                0.9999997420427967
            ]
        ],
        "T": [
            [
                0.11984
            ],
            [
                3.46147e-05
            ],
            [
                -6.90644e-05
            ]
        ]
    },
    "HD": {
        "rms": 0,
        "resolution": "HD",
        "imageSize": [
            1280,
            720
        ],
        "baseline": [
            0.11984
        ],
        "cameraMatrixLeft": [
            [
                529.395,
                0.0,
                641.51
            ],
            [
                0.0,
                529.125,
                360.8825
            ],
            [
                0.0,
                0.0,
                1.0
            ]
        ],
        "cameraMatrixRight": [
            [
                531.11,
                0.0,
                640.48
            ],
            [
                0.0,
                530.81,
                361.609
            ],
            [
                0.0,
                0.0,
                1.0
            ]
        ],
        "distCoefLeft": [
            [
                -0.0435787,
                0.0118915,
                -0.000260897,
                -0.0012044,
                -0.00534964
            ]
        ],
        "distCoefRight": [
            [
                -0.0451974,
                0.0142547,
                3.47928e-05,
                0.000384081,
                -0.00612554
            ]
        ],
        "R": [
            [
                0.9999999408221534,
                0.00033905487175632277,
                5.828793783137835e-05
            ],
            [
                -0.00033901305694952066,
                0.9999996862765962,
                -0.0007159028260975931
            ],
            [
                -5.853064988595452e-05,
                0.0007158830233600201,
                0.9999997420427967
            ]
        ],
        "T": [
            [
                0.11984
            ],
            [
                3.46147e-05
            ],
            [
                -6.90644e-05
            ]
        ]
    },
    "VGA": {
        "rms": 0,
        "resolution": "VGA",
        "imageSize": [
            672,
            376
        ],
        "baseline": [
            0.11984
        ],
        "cameraMatrixLeft": [
            [
                264.6975,
                0.0,
                336.255
            ],
            [
                0.0,
                264.5625,
                187.94125
            ],
            [
                0.0,
                0.0,
                1.0
            ]
        ],
        "cameraMatrixRight": [
            [
                265.555,
                0.0,
                335.74
            ],
            [
                0.0,
                265.405,
                188.3045
            ],
            [
                0.0,
                0.0,
                1.0
            ]
        ],
        "distCoefLeft": [
            [
                -0.0435787,
                0.0118915,
                -0.000260897,
                -0.0012044,
                -0.00534964
            ]
        ],
        "distCoefRight": [
            [
                -0.0451974,
                0.0142547,
                3.47928e-05,
                0.000384081,
                -0.00612554
            ]
        ],
        "R": [
            [
                0.9999999408221534,
                0.00033905487175632277,
                5.828793783137835e-05
            ],
            [
                -0.00033901305694952066,
                0.9999996862765962,
                -0.0007159028260975931
            ],
            [
                -5.853064988595452e-05,
                0.0007158830233600201,
                0.9999997420427967
            ]
        ],
        "T": [
            [
                0.11984
            ],
            [
                3.46147e-05
            ],
            [
                -6.90644e-05
            ]
        ]
    }
}