{
    "2K": {
        "rms": 0,
        "resolution": "2K",
        "imageSize": [
            2208,
            1242
        ],
        "baseline": [
            0.11987099999999999
        ],
        "cameraMatrixLeft": [
            [
                1057.44,
                0.0,
                1080.63
            ],
            [
                0.0,
                1057.11,
                621.581
            ],
            [
                0.0,
                0.0,
                1.0
            ]
        ],
        "cameraMatrixRight": [
            [
                1055.73,
                0.0,
                1079.43
            ],
            [
                0.0,
                1055.27,
                634.123
            ],
            [
                0.0,
                0.0,
                1.0
            ]
        ],
        "distCoefLeft": [
            [
                -0.0401059,
                0.00852524,
                -0.000414448,
                -1.47809e-06,
                -0.00448118
            ]
        ],
        "distCoefRight": [
            [
                -0.042774,
                0.0111592,
                -0.000680731,
                -0.000110928,
                -0.00516338
            ]
        ],
        "R": [
            [
                0.9999999453301238,
                0.00014210514514179917,
                0.00029857306845543766
            ],
            [
                -0.00014247077850329935,
                0.9999992396136638,
                0.0012249384358444923
            ],
            [
                -0.00029839877137034446,
                -0.0012249809068147616,
                0.9999992051896598
            ]
        ],
        "T": [
            [
                0.11987099999999999
            ],
            [
                -8.668789999999998e-06
            ],
            [
                -5.31384e-05
            ]
        ]
    },
    "FHD": {
        "rms": 0,
        "resolution": "FHD",
        "imageSize": [
            1920,
            1080
        ],
        "baseline": [
            0.11987099999999999
        ],
        "cameraMatrixLeft": [
            [
                1057.44,
                0.0,
                936.63
            ],
            [
                0.0,
                1057.11,
                540.581
            ],
            [
                0.0,
                0.0,
                1.0
            ]
        ],
        "cameraMatrixRight": [
            [
                1055.73,
                0.0,
                935.43
            ],
            [
                0.0,
                1055.27,
                553.123
            ],
            [
                0.0,
                0.0,
                1.0
            ]
        ],
        "distCoefLeft": [
            [
                -0.0401059,
                0.00852524,
                -0.000414448,
                -1.47809e-06,
                -0.00448118
            ]
        ],
        "distCoefRight": [
            [
                -0.042774,
                0.0111592,
                -0.000680731,
                -0.000110928,
                -0.00516338
            ]
        ],
        "R": [
            [
                0.9999999453301238,
                0.00014210514514179917,
                0.00029857306845543766
            ],
            [
                -0.00014247077850329935,
                0.9999992396136638,
                0.0012249384358444923
            ],
            [
                -0.00029839877137034446,
                -0.0012249809068147616,
                0.9999992051896598
            ]
        ],
        "T": [
            [
                0.11987099999999999
            ],
            [
                -8.668789999999998e-06
            ],
            [
                -5.31384e-05
            ]
        ]
    },
    "HD": {
        "rms": 0,
        "resolution": "HD",
        "imageSize": [
            1280,
            720
        ],
        "baseline": [
            0.11987099999999999
        ],
        "cameraMatrixLeft": [
            [
                528.72,
                0.0,
                626.815
            ],
            [
                0.0,
                528.555,
                358.7905
            ],
            [
                0.0,
                0.0,
                1.0
            ]
        ],
        "cameraMatrixRight": [
            [
                527.865,
                0.0,
                626.215
            ],
            [
                0.0,
                527.635,
                365.0615
            ],
            [
                0.0,
                0.0,
                1.0
            ]
        ],
        "distCoefLeft": [
            [
                -0.0401059,
                0.00852524,
                -0.000414448,
                -1.47809e-06,
                -0.00448118
            ]
        ],
        "distCoefRight": [
            [
                -0.042774,
                0.0111592,
                -0.000680731,
                -0.000110928,
                -0.00516338
            ]
        ],
        "R": [
            [
                0.9999999453301238,
                0.00014210514514179917,
                0.00029857306845543766
            ],
            [
                -0.00014247077850329935,
                0.9999992396136638,
                0.0012249384358444923
            ],
            [
                -0.00029839877137034446,
                -0.0012249809068147616,
                0.9999992051896598
            ]
        ],
        "T": [
            [
                0.11987099999999999
            ],
            [
                -8.668789999999998e-06
            ],
            [
                -5.31384e-05
            ]
        ]
    },
    "VGA": {
        "rms": 0,
        "resolution": "VGA",
        "imageSize": [
            672,
            376
        ],
        "baseline": [
            0.11987099999999999
        ],
        "cameraMatrixLeft": [
            [
                264.36,
                0.0,
                328.9075
            ],
            [
                0.0,
                264.2775,
                186.89525
            ],
            [
                0.0,
                0.0,
                1.0
            ]
        ],
        "cameraMatrixRight": [
            [
                263.9325,
                0.0,
                328.6075
            ],
            [
                0.0,
                263.8175,
                190.03075
            ],
            [
                0.0,
                0.0,
                1.0
            ]
        ],
        "distCoefLeft": [
            [
                -0.0401059,
                0.00852524,
                -0.000414448,
                -1.47809e-06,
                -0.00448118
            ]
        ],
        "distCoefRight": [
            [
                -0.042774,
                0.0111592,
                -0.000680731,
                -0.000110928,
                -0.00516338
            ]
        ],
        "R": [
            [
                0.9999999453301238,
                0.00014210514514179917,
                0.00029857306845543766
            ],
            [
                -0.00014247077850329935,
                0.9999992396136638,
                0.0012249384358444923
            ],
            [
                -0.00029839877137034446,
                -0.0012249809068147616,
                0.9999992051896598
            ]
        ],
        "T": [
            [
                0.11987099999999999
            ],
            [
                -8.668789999999998e-06
            ],
            [
                -5.31384e-05
            ]
        ]
    }
}