{
    "2K": {
        "rms": 0,
        "resolution": "2K",
        "imageSize": [
            2208,
            1242
        ],
        "baseline": [
            0.119771
        ],
        "cameraMatrixLeft": [
            [
                1056.26,
                0.0,
                1064.93
            ],
            [
                0.0,
                1055.68,
                621.384
            ],
            [
                0.0,
                0.0,
                1.0
            ]
        ],
        "cameraMatrixRight": [
            [
                1056.1,
                0.0,
                1061.27
            ],
            [
                0.0,
                1055.3,
                634.44
            ],
            [
                0.0,
                0.0,
                1.0
            ]
        ],
        "distCoefLeft": [
            [
                -0.0387776,
                0.00790962,
                -0.000313187,
                0.000735941,
                -0.00413918
            ]
        ],
        "distCoefRight": [
            [
                -0.0382404,
                0.00720094,
                -0.000378502,
                0.00012689,
                -0.00396197
            ]
        ],
        "R": [
            [
                0.9999957325651236,
                -0.0006912131450466842,
                0.0028384988867103896
            ],
            [
                0.0007008202149219803,
                0.9999940254261724,
                -0.0033849612975495784
            ],
            [
                -0.0028361421981448957,
                0.0033869361298475183,
                0.9999902424329371
            ]
        ],
        "T": [
            [
                0.119771
            ],
            [
                -0.000229769
            ],
            [
                0.000293029
            ]
        ]
    },
    "FHD": {
        "rms": 0,
        "resolution": "FHD",
        "imageSize": [
            1920,
            1080
        ],
        "baseline": [
            0.119771
        ],
        "cameraMatrixLeft": [
            [
                1056.26,
                0.0,
                920.93
            ],
            [
                0.0,
                1055.68,
                540.384
            ],
            [
                0.0,
                0.0,
                1.0
            ]
        ],
        "cameraMatrixRight": [
            [
                1056.1,
                0.0,
                917.27
            ],
            [
                0.0,
                1055.3,
                553.44
            ],
            [
                0.0,
                0.0,
                1.0
            ]
        ],
        "distCoefLeft": [
            [
                -0.0387776,
                0.00790962,
                -0.000313187,
                0.000735941,
                -0.00413918
            ]
        ],
        "distCoefRight": [
            [
                -0.0382404,
                0.00720094,
                -0.000378502,
                0.00012689,
                -0.00396197
            ]
        ],
        "R": [
            [
                0.9999957325651236,
                -0.0006912131450466842,
                0.0028384988867103896
            ],
            [
                0.0007008202149219803,
                0.9999940254261724,
                -0.0033849612975495784
            ],
            [
                -0.0028361421981448957,
                0.0033869361298475183,
                0.9999902424329371
            ]
        ],
        "T": [
            [
                0.119771
            ],
            [
                -0.000229769
            ],
            [
                0.000293029
            ]
        ]
    },
    "HD": {
        "rms": 0,
        "resolution": "HD",
        "imageSize": [
            1280,
            720
        ],
        "baseline": [
            0.119771
        ],
        "cameraMatrixLeft": [
            [
                528.13,
                0.0,
                618.965
            ],
            [
                0.0,
                527.84,
                358.692
            ],
            [
                0.0,
                0.0,
                1.0
            ]
        ],
        "cameraMatrixRight": [
            [
                528.05,
                0.0,
                617.135
            ],
            [
                0.0,
                527.65,
                365.22
            ],
            [
                0.0,
                0.0,
                1.0
            ]
        ],
        "distCoefLeft": [
            [
                -0.0387776,
                0.00790962,
                -0.000313187,
                0.000735941,
                -0.00413918
            ]
        ],
        "distCoefRight": [
            [
                -0.0382404,
                0.00720094,
                -0.000378502,
                0.00012689,
                -0.00396197
            ]
        ],
        "R": [
            [
                0.9999957325651236,
                -0.0006912131450466842,
                0.0028384988867103896
            ],
            [
                0.0007008202149219803,
                0.9999940254261724,
                -0.0033849612975495784
            ],
            [
                -0.0028361421981448957,
                0.0033869361298475183,
                0.9999902424329371
            ]
        ],
        "T": [
            [
                0.119771
            ],
            [
                -0.000229769
            ],
            [
                0.000293029
            ]
        ]
    },
    "VGA": {
        "rms": 0,
        "resolution": "VGA",
        "imageSize": [
            672,
            376
        ],
        "baseline": [
            0.119771
        ],
        "cameraMatrixLeft": [
            [
                264.065,
                0.0,
                324.9825
            ],
            [
                0.0,
                263.92,
                186.846
            ],
            [
                0.0,
                0.0,
                1.0
            ]
        ],
        "cameraMatrixRight": [
            [
                264.025,
                0.0,
                324.0675
            ],
            [
                0.0,
                263.825,
                190.11
            ],
            [
                0.0,
                0.0,
                1.0
            ]
        ],
        "distCoefLeft": [
            [
                -0.0387776,
                0.00790962,
                -0.000313187,
                0.000735941,
                -0.00413918
            ]
        ],
        "distCoefRight": [
            [
                -0.0382404,
                0.00720094,
                -0.000378502,
                0.00012689,
                -0.00396197
            ]
        ],
        "R": [
            [
                0.9999957325651236,
                -0.0006912131450466842,
                0.0028384988867103896
            ],
            [
                0.0007008202149219803,
                0.9999940254261724,
                -0.0033849612975495784
            ],
            [
                -0.0028361421981448957,
                0.0033869361298475183,
                0.9999902424329371
            ]
        ],
        "T": [
            [
                0.119771
            ],
            [
                -0.000229769
            ],
            [
                0.000293029
            ]
        ]
    }
}