{
    "2K": {
        "rms": 0,
        "resolution": "2K",
        "imageSize": [
            2208,
            1242
        ],
        "baseline": [
            0.119796
        ],
        "cameraMatrixLeft": [
            [
                1058.43,
                0.0,
                1101.03
            ],
            [
                0.0,
                1057.73,
                609.141
            ],
            [
                0.0,
                0.0,
                1.0
            ]
        ],
        "cameraMatrixRight": [
            [
                1058.71,
                0.0,
                1091.08
            ],
            [
                0.0,
                1057.97,
                616.424
            ],
            [
                0.0,
                0.0,
                1.0
            ]
        ],
        "distCoefLeft": [
            [
                -0.0433646,
                0.0115262,
                0.000403944,
                8.81795e-05,
                -0.00531355
            ]
        ],
        "distCoefRight": [
            [
                -0.0431241,
                0.0119507,
                0.000484458,
                7.13547e-05,
                -0.00546761
            ]
        ],
        "R": [
            [
                0.9999945667341305,
                0.00020043977125583232,
                -0.003290338298244417
            ],
            [
                -0.00020483137442452637,
                0.999999088691505,
                -0.001334413829180948
            ],
            [
                0.003290067830128494,
                0.0013350805434717828,
                0.9999936964869407
            ]
        ],
        "T": [
            [
                0.119796
            ],
            [
                -6.99575e-05
            ],
            [
                -0.000237209
            ]
        ]
    },
    "FHD": {
        "rms": 0,
        "resolution": "FHD",
        "imageSize": [
            1920,
            1080
        ],
        "baseline": [
            0.119796
        ],
        "cameraMatrixLeft": [
            [
                1058.43,
                0.0,
                957.03
            ],
            [
                0.0,
                1057.73,
                528.141
            ],
            [
                0.0,
                0.0,
                1.0
            ]
        ],
        "cameraMatrixRight": [
            [
                1058.71,
                0.0,
                947.08
            ],
            [
                0.0,
                1057.97,
                535.424
            ],
            [
                0.0,
                0.0,
                1.0
            ]
        ],
        "distCoefLeft": [
            [
                -0.0433646,
                0.0115262,
                0.000403944,
                8.81795e-05,
                -0.00531355
            ]
        ],
        "distCoefRight": [
            [
                -0.0431241,
                0.0119507,
                0.000484458,
                7.13547e-05,
                -0.00546761
            ]
        ],
        "R": [
            [
                0.9999945667341305,
                0.00020043977125583232,
                -0.003290338298244417
            ],
            [
                -0.00020483137442452637,
                0.999999088691505,
                -0.001334413829180948
            ],
            [
                0.003290067830128494,
                0.0013350805434717828,
                0.9999936964869407
            ]
        ],
        "T": [
            [
                0.119796
            ],
            [
                -6.99575e-05
            ],
            [
                -0.000237209
            ]
        ]
    },
    "HD": {
        "rms": 0,
        "resolution": "HD",
        "imageSize": [
            1280,
            720
        ],
        "baseline": [
            0.119796
        ],
        "cameraMatrixLeft": [
            [
                529.215,
                0.0,
                637.015
            ],
            [
                0.0,
                528.865,
                352.5705
            ],
            [
                0.0,
                0.0,
                1.0
            ]
        ],
        "cameraMatrixRight": [
            [
                529.355,
                0.0,
                632.04
            ],
            [
                0.0,
                528.985,
                356.212
            ],
            [
                0.0,
                0.0,
                1.0
            ]
        ],
        "distCoefLeft": [
            [
                -0.0433646,
                0.0115262,
                0.000403944,
                8.81795e-05,
                -0.00531355
            ]
        ],
        "distCoefRight": [
            [
                -0.0431241,
                0.0119507,
                0.000484458,
                7.13547e-05,
                -0.00546761
            ]
        ],
        "R": [
            [
                0.9999945667341305,
                0.00020043977125583232,
                -0.003290338298244417
            ],
            [
                -0.00020483137442452637,
                0.999999088691505,
                -0.001334413829180948
            ],
            [
                0.003290067830128494,
                0.0013350805434717828,
                0.9999936964869407
            ]
        ],
        "T": [
            [
                0.119796
            ],
            [
                -6.99575e-05
            ],
            [
                -0.000237209
            ]
        ]
    },
    "VGA": {
        "rms": 0,
        "resolution": "VGA",
        "imageSize": [
            672,
            376
        ],
        "baseline": [
            0.119796
        ],
        "cameraMatrixLeft": [
            [
                264.6075,
                0.0,
                334.0075
            ],
            [
                0.0,
                264.4325,
                183.78525
            ],
            [
                0.0,
                0.0,
                1.0
            ]
        ],
        "cameraMatrixRight": [
            [
                264.6775,
                0.0,
                331.52
            ],
            [
                0.0,
                264.4925,
                185.606
            ],
            [
                0.0,
                0.0,
                1.0
            ]
        ],
        "distCoefLeft": [
            [
                -0.0433646,
                0.0115262,
                0.000403944,
                8.81795e-05,
                -0.00531355
            ]
        ],
        "distCoefRight": [
            [
                -0.0431241,
                0.0119507,
                0.000484458,
                7.13547e-05,
                -0.00546761
            ]
        ],
        "R": [
            [
                0.9999945667341305,
                0.00020043977125583232,
                -0.003290338298244417
            ],
            [
                -0.00020483137442452637,
                0.999999088691505,
                -0.001334413829180948
            ],
            [
                0.003290067830128494,
                0.0013350805434717828,
                0.9999936964869407
            ]
        ],
        "T": [
            [
                0.119796
            ],
            [
                -6.99575e-05
            ],
            [
                -0.000237209
            ]
        ]
    }
}