{
    "2K": {
        "rms": 0,
        "resolution": "2K",
        "imageSize": [
            2208,
            1242
        ],
        "baseline": [
            0.119674
        ],
        "cameraMatrixLeft": [
            [
                1062.26,
                0.0,
                1064.5
            ],
            [
                0.0,
                1061.6,
                613.22
            ],
            [
                0.0,
                0.0,
                1.0
            ]
        ],
        "cameraMatrixRight": [
            [
                1057.45,
                0.0,
                1071.78
            ],
            [
                0.0,
                1056.74,
                626.597
            ],
            [
                0.0,
                0.0,
                1.0
            ]
        ],
        "distCoefLeft": [
            [
                -0.0368448,
                0.00636194,
                -0.000788592,
                -0.000279357,
                -0.00385889
            ]
        ],
        "distCoefRight": [
            [
                -0.041468,
                0.0103588,
                -0.000378553,
                0.000610984,
                -0.00504395
            ]
        ],
        "R": [
            [
                0.999998701980102,
                0.0003037003113208451,
                0.0015823413765782045
            ],
            [
                -0.00030528332358510706,
                0.9999994531223397,
                0.0010002785181483554
            ],
            [
                -0.0015820367263336891,
                -0.0010007602822014177,
                0.999998247817792
            ]
        ],
        "T": [
            [
                0.119674
            ],
            [
                -7.97853e-05
            ],
            [
                5.96216e-05
            ]
        ]
    },
    "FHD": {
        "rms": 0,
        "resolution": "FHD",
        "imageSize": [
            1920,
            1080
        ],
        "baseline": [
            0.119674
        ],
        "cameraMatrixLeft": [
            [
                1062.26,
                0.0,
                920.5
            ],
            [
                0.0,
                1061.6,
                532.22
            ],
            [
                0.0,
                0.0,
                1.0
            ]
        ],
        "cameraMatrixRight": [
            [
                1057.45,
                0.0,
                927.78
            ],
            [
                0.0,
                1056.74,
                545.597
            ],
            [
                0.0,
                0.0,
                1.0
            ]
        ],
        "distCoefLeft": [
            [
                -0.0368448,
                0.00636194,
                -0.000788592,
                -0.000279357,
                -0.00385889
            ]
        ],
        "distCoefRight": [
            [
                -0.041468,
                0.0103588,
                -0.000378553,
                0.000610984,
                -0.00504395
            ]
        ],
        "R": [
            [
                0.999998701980102,
                0.0003037003113208451,
                0.0015823413765782045
            ],
            [
                -0.00030528332358510706,
                0.9999994531223397,
                0.0010002785181483554
            ],
            [
                -0.0015820367263336891,
                -0.0010007602822014177,
                0.999998247817792
            ]
        ],
        "T": [
            [
                0.119674
            ],
            [
                -7.97853e-05
            ],
            [
                5.96216e-05
            ]
        ]
    },
    "HD": {
        "rms": 0,
        "resolution": "HD",
        "imageSize": [
            1280,
            720
        ],
        "baseline": [
            0.119674
        ],
        "cameraMatrixLeft": [
            [
                531.13,
                0.0,
                618.75
            ],
            [
                0.0,
                530.8,
                354.61
            ],
            [
                0.0,
                0.0,
                1.0
            ]
        ],
        "cameraMatrixRight": [
            [
                528.725,
                0.0,
                622.39
            ],
            [
                0.0,
                528.37,
                361.2985
            ],
            [
                0.0,
                0.0,
                1.0
            ]
        ],
        "distCoefLeft": [
            [
                -0.0368448,
                0.00636194,
                -0.000788592,
                -0.000279357,
                -0.00385889
            ]
        ],
        "distCoefRight": [
            [
                -0.041468,
                0.0103588,
                -0.000378553,
                0.000610984,
                -0.00504395
            ]
        ],
        "R": [
            [
                0.999998701980102,
                0.0003037003113208451,
                0.0015823413765782045
            ],
            [
                -0.00030528332358510706,
                0.9999994531223397,
                0.0010002785181483554
            ],
            [
                -0.0015820367263336891,
                -0.0010007602822014177,
                0.999998247817792
            ]
        ],
        "T": [
            [
                0.119674
            ],
            [
                -7.97853e-05
            ],
            [
                5.96216e-05
            ]
        ]
    },
    "VGA": {
        "rms": 0,
        "resolution": "VGA",
        "imageSize": [
            672,
            376
        ],
        "baseline": [
            0.119674
        ],
        "cameraMatrixLeft": [
            [
                265.565,
                0.0,
                324.875
            ],
            [
                0.0,
                265.4,
                184.805
            ],
            [
                0.0,
                0.0,
                1.0
            ]
        ],
        "cameraMatrixRight": [
            [
                264.3625,
                0.0,
                326.695
            ],
            [
                0.0,
                264.185,
                188.14925
            ],
            [
                0.0,
                0.0,
                1.0
            ]
        ],
        "distCoefLeft": [
            [
                -0.0368448,
                0.00636194,
                -0.000788592,
                -0.000279357,
                -0.00385889
            ]
        ],
        "distCoefRight": [
            [
                -0.041468,
                0.0103588,
                -0.000378553,
                0.000610984,
                -0.00504395
            ]
        ],
        "R": [
            [
                0.999998701980102,
                0.0003037003113208451,
                0.0015823413765782045
            ],
            [
                -0.00030528332358510706,
                0.9999994531223397,
                0.0010002785181483554
            ],
            [
                -0.0015820367263336891,
                -0.0010007602822014177,
                0.999998247817792
            ]
        ],
        "T": [
            [
                0.119674
            ],
            [
                -7.97853e-05
            ],
            [
                5.96216e-05
            ]
        ]
    }
}