{
    "5MP": {
        "rms": 0.24480395335381364,
        "resolution": "5MP",
        "imageSize": [
            2592,
            1944
        ],
        "baseline": -99.32076180867084,
        "cameraMatrixLeft": [
            [
                2715.6951015509167,
                0.0,
                1256.375347462171
            ],
            [
                0.0,
                2713.9051536218894,
                898.7517806222845
            ],
            [
                0.0,
                0.0,
                1.0
            ]
        ],
        "cameraMatrixRight": [
            [
                2701.442647402167,
                0.0,
                1308.8707538435326
            ],
            [
                0.0,
                2700.159276339085,
                970.8231114662533
            ],
            [
                0.0,
                0.0,
                1.0
            ]
        ],
        "distCoefLeft": [
            [
                -0.46648213557019547,
                0.26305618756282517,
                -0.000442296443673229,
                0.001083026120052105,
                -0.10219139397848115
            ]
        ],
        "distCoefRight": [
            [
                -0.4684285976596437,
                0.2689195167893145,
                -0.00020125590467569938,
                0.0009296487163157013,
                -0.10633580945745295
            ]
        ],
        "R": [
            [
                0.9999778867618326,
                -0.004267582683812663,
                0.005100365219886607
            ],
            [
                0.004264772338356575,
                0.9999907480297507,
                0.0005617577783119628
            ],
            [
                -0.005102715379226558,
                -0.0005399934595230851,
                0.999986835264756
            ]
        ],
        "T": [
            [
                -0.09932076180867083
            ],
            [
                -0.00020264304498725293
            ],
            [
                -0.0013766125265051792
            ]
        ]
    }
}