{
    "5MP": {
        "rms": 0.3278115388172447,
        "resolution": "5MP",
        "imageSize": [
            2592,
            1944
        ],
        "baseline": -483.20421396503036,
        "cameraMatrixLeft": [
            [
                5433.948244035344,
                0.0,
                1315.9507738413513
            ],
            [
                0.0,
                5425.435956765715,
                994.3723300580671
            ],
            [
                0.0,
                0.0,
                1.0
            ]
        ],
        "cameraMatrixRight": [
            [
                5391.744854483597,
                0.0,
                1315.5138272462914
            ],
            [
                0.0,
                5380.566679139053,
                970.2317873253227
            ],
            [
                0.0,
                0.0,
                1.0
            ]
        ],
        "distCoefLeft": [
            [
                -0.3723731991624908,
                1.719399286105191,
                0.0023117708908341264,
                0.00013215462227184256,
                -14.71136073302157
            ]
        ],
        "distCoefRight": [
            [
                -0.3872430098702583,
                1.6273954845033947,
                -0.0010914444564470672,
                0.0008492662478825692,
                -12.458837346668536
            ]
        ],
        "R": [
            [
                0.999340436676068,
                -0.020931163939289645,
                0.02967453454112426
            ],
            [
                0.02105658327660868,
                0.9997705994978165,
                -0.003920290868259759
            ],
            [
                -0.029585670937145224,
                0.004542549495943645,
                0.9995519262746063
            ]
        ],
        "T": [
            [
                -0.4832042139650304
            ],
            [
                -0.0004158982277357031
            ],
            [
                -0.012445866836355462
            ]
        ]
    }
}