{
    "results": [
        {
            "rms": 0.23468485546804926,
            "resolution": "NANO",
            "imageSize": [
                800,
                480
            ],
            "baseline": -59.8746048760325,
            "cameraMatrixLeft": [
                [
                    726.1364807200384,
                    0.0,
                    391.0706718923765
                ],
                [
                    0.0,
                    773.359347540215,
                    237.04240234183393
                ],
                [
                    0.0,
                    0.0,
                    1.0
                ]
            ],
            "cameraMatrixRight": [
                [
                    724.9980278093794,
                    0.0,
                    374.80303446805755
                ],
                [
                    0.0,
                    772.2592970615858,
                    241.57363304064395
                ],
                [
                    0.0,
                    0.0,
                    1.0
                ]
            ],
            "distCoefLeft": [
                [
                    -0.10472656268304245,
                    0.7649145953553469,
                    -0.004091593556532919,
                    0.0006535646271315242,
                    -1.9635559773562996
                ]
            ],
            "distCoefRight": [
                [
                    -0.06608862284997784,
                    0.4117000155378116,
                    0.0007506389758694302,
                    -0.0018770625768430066,
                    -0.814800017741407
                ]
            ],
            "R": [
                [
                    0.9999624068974985,
                    0.00586169144975095,
                    0.006389472991548165
                ],
                [
                    -0.005891624027340623,
                    0.9999717116891222,
                    0.004675958495053645
                ],
                [
                    -0.006361883218220019,
                    -0.004713427083865655,
                    0.9999686545322523
                ]
            ],
            "T": [
                [
                    -0.0598746048760325
                ],
                [
                    -0.0005513632036364868
                ],
                [
                    0.00026369644943369355
                ]
            ]
        },
        {
            "rms": 0.23468485546804926,
            "resolution": "NANO",
            "imageSize": [
                800,
                480
            ],
            "baseline": -59.8746048760325,
            "cameraMatrixLeft": [
                [
                    726.1364807200384,
                    0.0,
                    391.0706718923765
                ],
                [
                    0.0,
                    773.359347540215,
                    237.04240234183393
                ],
                [
                    0.0,
                    0.0,
                    1.0
                ]
            ],
            "cameraMatrixRight": [
                [
                    724.9980278093794,
                    0.0,
                    374.80303446805755
                ],
                [
                    0.0,
                    772.2592970615858,
                    241.57363304064395
                ],
                [
                    0.0,
                    0.0,
                    1.0
                ]
            ],
            "distCoefLeft": [
                [
                    -0.10472656268304245,
                    0.7649145953553469,
                    -0.004091593556532919,
                    0.0006535646271315242,
                    -1.9635559773562996
                ]
            ],
            "distCoefRight": [
                [
                    -0.06608862284997784,
                    0.4117000155378116,
                    0.0007506389758694302,
                    -0.0018770625768430066,
                    -0.814800017741407
                ]
            ],
            "R": [
                [
                    0.9999624068974985,
                    0.00586169144975095,
                    0.006389472991548165
                ],
                [
                    -0.005891624027340623,
                    0.9999717116891222,
                    0.004675958495053645
                ],
                [
                    -0.006361883218220019,
                    -0.004713427083865655,
                    0.9999686545322523
                ]
            ],
            "T": [
                [
                    -0.0598746048760325
                ],
                [
                    -0.0005513632036364868
                ],
                [
                    0.00026369644943369355
                ]
            ]
        },
        {
            "rms": 0.1975710866853317,
            "resolution": "NANO",
            "imageSize": [
                800,
                480
            ],
            "baseline": -60.259453208227924,
            "cameraMatrixLeft": [
                [
                    726.1364807200384,
                    0.0,
                    391.0706718923765
                ],
                [
                    0.0,
                    773.359347540215,
                    237.04240234183393
                ],
                [
                    0.0,
                    0.0,
                    1.0
                ]
            ],
            "cameraMatrixRight": [
                [
                    724.9980278093794,
                    0.0,
                    374.80303446805755
                ],
                [
                    0.0,
                    772.2592970615858,
                    241.57363304064395
                ],
                [
                    0.0,
                    0.0,
                    1.0
                ]
            ],
            "distCoefLeft": [
                [
                    -0.10472656268304245,
                    0.7649145953553469,
                    -0.004091593556532919,
                    0.0006535646271315242,
                    -1.9635559773562996
                ]
            ],
            "distCoefRight": [
                [
                    -0.06608862284997784,
                    0.4117000155378116,
                    0.0007506389758694302,
                    -0.0018770625768430066,
                    -0.814800017741407
                ]
            ],
            "R": [
                [
                    0.9999571508098033,
                    0.0060406596005445025,
                    0.007014768416042429
                ],
                [
                    -0.006065455358303579,
                    0.9999754134404324,
                    0.003518915448360281
                ],
                [
                    -0.006993339376634262,
                    -0.0035613124303593134,
                    0.9999692046548916
                ]
            ],
            "T": [
                [
                    -0.060259453208227926
                ],
                [
                    0.00013131793200952944
                ],
                [
                    0.00017223350870786567
                ]
            ]
        }
    ]
}