{
    "results": [
        {
            "rms": 0.2502847196433985,
            "resolution": "NANO",
            "imageSize": [
                800,
                480
            ],
            "baseline": -59.8325745723347,
            "cameraMatrixLeft": [
                [
                    723.9311196531538,
                    0.0,
                    391.27797019220696
                ],
                [
                    0.0,
                    770.8888221620629,
                    236.80868128688687
                ],
                [
                    0.0,
                    0.0,
                    1.0
                ]
            ],
            "cameraMatrixRight": [
                [
                    725.211689737895,
                    0.0,
                    374.6559808806524
                ],
                [
                    0.0,
                    772.2646137947833,
                    247.0227346431214
                ],
                [
                    0.0,
                    0.0,
                    1.0
                ]
            ],
            "distCoefLeft": [
                [
                    -0.11447487405901383,
                    0.9108977643040614,
                    -0.004255997360251408,
                    0.0005702113716722823,
                    -2.3305077097367004
                ]
            ],
            "distCoefRight": [
                [
                    -0.10378418717618448,
                    0.8363554217191613,
                    0.0026742177042757215,
                    -0.001976196807697019,
                    -1.995877492949109
                ]
            ],
            "R": [
                [
                    0.9999591749939328,
                    0.005615553290580022,
                    0.007079117649378486
                ],
                [
                    -0.005584015240059335,
                    0.9999744320022974,
                    -0.00446700296411325
                ],
                [
                    -0.007104021343708871,
                    0.0044272906978497974,
                    0.9999649653752
                ]
            ],
            "T": [
                [
                    -0.0598325745723347
                ],
                [
                    0.0002639082589329095
                ],
                [
                    0.0013289047448531517
                ]
            ]
        },
        {
            "rms": 0.2502847196433985,
            "resolution": "NANO",
            "imageSize": [
                800,
                480
            ],
            "baseline": -59.8325745723347,
            "cameraMatrixLeft": [
                [
                    723.9311196531538,
                    0.0,
                    391.27797019220696
                ],
                [
                    0.0,
                    770.8888221620629,
                    236.80868128688687
                ],
                [
                    0.0,
                    0.0,
                    1.0
                ]
            ],
            "cameraMatrixRight": [
                [
                    725.211689737895,
                    0.0,
                    374.6559808806524
                ],
                [
                    0.0,
                    772.2646137947833,
                    247.0227346431214
                ],
                [
                    0.0,
                    0.0,
                    1.0
                ]
            ],
            "distCoefLeft": [
                [
                    -0.11447487405901383,
                    0.9108977643040614,
                    -0.004255997360251408,
                    0.0005702113716722823,
                    -2.3305077097367004
                ]
            ],
            "distCoefRight": [
                [
                    -0.10378418717618448,
                    0.8363554217191613,
                    0.0026742177042757215,
                    -0.001976196807697019,
                    -1.995877492949109
                ]
            ],
            "R": [
                [
                    0.9999591749939328,
                    0.005615553290580022,
                    0.007079117649378486
                ],
                [
                    -0.005584015240059335,
                    0.9999744320022974,
                    -0.00446700296411325
                ],
                [
                    -0.007104021343708871,
                    0.0044272906978497974,
                    0.9999649653752
                ]
            ],
            "T": [
                [
                    -0.0598325745723347
                ],
                [
                    0.0002639082589329095
                ],
                [
                    0.0013289047448531517
                ]
            ]
        },
        {
            "rms": 0.2030882375863806,
            "resolution": "NANO",
            "imageSize": [
                800,
                480
            ],
            "baseline": -59.82385792500538,
            "cameraMatrixLeft": [
                [
                    723.9311196531538,
                    0.0,
                    391.27797019220696
                ],
                [
                    0.0,
                    770.8888221620629,
                    236.80868128688687
                ],
                [
                    0.0,
                    0.0,
                    1.0
                ]
            ],
            "cameraMatrixRight": [
                [
                    725.211689737895,
                    0.0,
                    374.6559808806524
                ],
                [
                    0.0,
                    772.2646137947833,
                    247.0227346431214
                ],
                [
                    0.0,
                    0.0,
                    1.0
                ]
            ],
            "distCoefLeft": [
                [
                    -0.11447487405901383,
                    0.9108977643040614,
                    -0.004255997360251408,
                    0.0005702113716722823,
                    -2.3305077097367004
                ]
            ],
            "distCoefRight": [
                [
                    -0.10378418717618448,
                    0.8363554217191613,
                    0.0026742177042757215,
                    -0.001976196807697019,
                    -1.995877492949109
                ]
            ],
            "R": [
                [
                    0.9999591707399907,
                    0.005624849126055788,
                    0.00707233520833441
                ],
                [
                    -0.005593124771539858,
                    0.9999742443810214,
                    -0.004497502628707046
                ],
                [
                    -0.007097450829694018,
                    0.0044577625457564475,
                    0.9999648766555782
                ]
            ],
            "T": [
                [
                    -0.05982385792500538
                ],
                [
                    0.0002677854183186388
                ],
                [
                    0.0013409444369641024
                ]
            ]
        }
    ]
}