{
    "results": [
        {
            "rms": 0.19956774917013248,
            "resolution": "VGA",
            "imageSize": [
                640,
                480
            ],
            "baseline": -60.1994259688089,
            "cameraMatrixLeft": [
                [
                    579.8598618477981,
                    0.0,
                    334.62588885276045
                ],
                [
                    0.0,
                    771.8346035519393,
                    255.46837802978447
                ],
                [
                    0.0,
                    0.0,
                    1.0
                ]
            ],
            "cameraMatrixRight": [
                [
                    578.7207640483832,
                    0.0,
                    337.4654062254378
                ],
                [
                    0.0,
                    771.5963613078043,
                    249.4877683888826
                ],
                [
                    0.0,
                    0.0,
                    1.0
                ]
            ],
            "distCoefLeft": [
                [
                    -0.10550439378809567,
                    0.5835794380395162,
                    -0.000543707387008271,
                    0.00038306826243060906,
                    -0.9870016827863194
                ]
            ],
            "distCoefRight": [
                [
                    -0.10710183592853176,
                    0.6025416442694572,
                    -0.00166074722157503,
                    0.0020372407394819102,
                    -1.0132661744693343
                ]
            ],
            "R": [
                [
                    0.9999818850291214,
                    -0.004782595325123374,
                    -0.0036546402779151785
                ],
                [
                    0.004763240096886104,
                    0.9999746816628957,
                    -0.005286546790658232
                ],
                [
                    0.003679831162467694,
                    0.005269043095905598,
                    0.9999793478004779
                ]
            ],
            "T": [
                [
                    -0.0601994259688089
                ],
                [
                    0.0005850892795699481
                ],
                [
                    -0.002049685480267681
                ]
            ]
        }
    ]
}