{
    "results": [
        {
            "rms": 0.2017937719535868,
            "resolution": "NANO",
            "imageSize": [
                800,
                480
            ],
            "baseline": -59.8815537853416,
            "cameraMatrixLeft": [
                [
                    727.6762694698031,
                    0.0,
                    391.96670886626066
                ],
                [
                    0.0,
                    775.0515949633233,
                    232.32270770609813
                ],
                [
                    0.0,
                    0.0,
                    1.0
                ]
            ],
            "cameraMatrixRight": [
                [
                    730.7194483310519,
                    0.0,
                    376.5859710612649
                ],
                [
                    0.0,
                    778.187882388267,
                    247.51973858354006
                ],
                [
                    0.0,
                    0.0,
                    1.0
                ]
            ],
            "distCoefLeft": [
                [
                    -0.12028607390049606,
                    1.132903505450407,
                    -0.006262773445824327,
                    0.000681477129759986,
                    -3.151533368938236
                ]
            ],
            "distCoefRight": [
                [
                    -0.11415711149603154,
                    1.1200540879168288,
                    0.0032554511390328763,
                    -0.002899066993018235,
                    -2.9980092227116115
                ]
            ],
            "R": [
                [
                    0.9999659467620904,
                    0.006202888007246285,
                    0.005443298316816548
                ],
                [
                    -0.006152891910595836,
                    0.9999391706602203,
                    -0.00915406469757301
                ],
                [
                    -0.005499748842703817,
                    0.00912026094584954,
                    0.9999432851931888
                ]
            ],
            "T": [
                [
                    -0.0598815537853416
                ],
                [
                    -0.00037283523375569787
                ],
                [
                    0.00296526245922166
                ]
            ]
        },
        {
            "rms": 0.2017937719535868,
            "resolution": "NANO",
            "imageSize": [
                800,
                480
            ],
            "baseline": -59.8815537853416,
            "cameraMatrixLeft": [
                [
                    727.6762694698031,
                    0.0,
                    391.96670886626066
                ],
                [
                    0.0,
                    775.0515949633233,
                    232.32270770609813
                ],
                [
                    0.0,
                    0.0,
                    1.0
                ]
            ],
            "cameraMatrixRight": [
                [
                    730.7194483310519,
                    0.0,
                    376.5859710612649
                ],
                [
                    0.0,
                    778.187882388267,
                    247.51973858354006
                ],
                [
                    0.0,
                    0.0,
                    1.0
                ]
            ],
            "distCoefLeft": [
                [
                    -0.12028607390049606,
                    1.132903505450407,
                    -0.006262773445824327,
                    0.000681477129759986,
                    -3.151533368938236
                ]
            ],
            "distCoefRight": [
                [
                    -0.11415711149603154,
                    1.1200540879168288,
                    0.0032554511390328763,
                    -0.002899066993018235,
                    -2.9980092227116115
                ]
            ],
            "R": [
                [
                    0.9999659467620904,
                    0.006202888007246285,
                    0.005443298316816548
                ],
                [
                    -0.006152891910595836,
                    0.9999391706602203,
                    -0.00915406469757301
                ],
                [
                    -0.005499748842703817,
                    0.00912026094584954,
                    0.9999432851931888
                ]
            ],
            "T": [
                [
                    -0.0598815537853416
                ],
                [
                    -0.00037283523375569787
                ],
                [
                    0.00296526245922166
                ]
            ]
        }
    ]
}