{
    "results": [
        {
            "rms": 0.16903861952778027,
            "resolution": "NANO",
            "imageSize": [
                800,
                480
            ],
            "baseline": -59.8652873526178,
            "cameraMatrixLeft": [
                [
                    720.2562365233713,
                    0.0,
                    391.3312569870813
                ],
                [
                    0.0,
                    767.9456137238179,
                    237.3558707835159
                ],
                [
                    0.0,
                    0.0,
                    1.0
                ]
            ],
            "cameraMatrixRight": [
                [
                    718.693345357048,
                    0.0,
                    378.297881693708
                ],
                [
                    0.0,
                    766.2116777159978,
                    252.12870232574315
                ],
                [
                    0.0,
                    0.0,
                    1.0
                ]
            ],
            "distCoefLeft": [
                [
                    -0.09269690175528114,
                    0.6640164739646376,
                    -0.0036572919602283903,
                    -0.00010633574148359295,
                    -1.3959779256177638
                ]
            ],
            "distCoefRight": [
                [
                    -0.0939917038668384,
                    0.6362979013793449,
                    0.004446898282156404,
                    -0.0015979179814558995,
                    -1.3864348587903683
                ]
            ],
            "R": [
                [
                    0.9999798663494714,
                    0.005821725941728434,
                    0.002524757959205617
                ],
                [
                    -0.005797214082919378,
                    0.9999370218797868,
                    -0.009609608892119452
                ],
                [
                    -0.002580543464072473,
                    0.009594778853215231,
                    0.9999506392888541
                ]
            ],
            "T": [
                [
                    -0.0598652873526178
                ],
                [
                    0.00011507920831953136
                ],
                [
                    -0.0010275281425753634
                ]
            ]
        }
    ]
}