{
    "results": [
        {
            "rms": 0.12684628302168818,
            "resolution": "NANO",
            "imageSize": [
                800,
                480
            ],
            "baseline": -59.74337594554574,
            "cameraMatrixLeft": [
                [
                    719.1252850179083,
                    0.0,
                    392.966191082479
                ],
                [
                    0.0,
                    766.9049415674128,
                    238.0669444010975
                ],
                [
                    0.0,
                    0.0,
                    1.0
                ]
            ],
            "cameraMatrixRight": [
                [
                    719.4788943010531,
                    0.0,
                    380.15177337599823
                ],
                [
                    0.0,
                    766.7936935553471,
                    246.85398035174344
                ],
                [
                    0.0,
                    0.0,
                    1.0
                ]
            ],
            "distCoefLeft": [
                [
                    -0.16488666861500767,
                    1.6747947330397117,
                    -0.003979118717766875,
                    0.0019874167711867274,
                    -6.331060804530543
                ]
            ],
            "distCoefRight": [
                [
                    -0.11889678506768558,
                    0.9995456414612348,
                    0.0020957228539010514,
                    -0.00045628900801835407,
                    -2.3371110191173567
                ]
            ],
            "R": [
                [
                    0.999982658802283,
                    0.005618388051246184,
                    0.0017651658343117295
                ],
                [
                    -0.005613109828257068,
                    0.9999798029008575,
                    -0.002981071689518736
                ],
                [
                    -0.001781879000642644,
                    0.002971111924472097,
                    0.9999939986825718
                ]
            ],
            "T": [
                [
                    -0.05974337594554574
                ],
                [
                    0.00017149433517121726
                ],
                [
                    0.0006544566013621426
                ]
            ]
        }
    ]
}